freq,unit,geo\TIME_PERIOD	2012 	2013 	2014 	2015 	2016 	2017 	2018 	2019 	2020 	2021 	2022 	2023 
A,PER_KM2,AL01	79.2 	78.5 	77.7 	77.0 	76.6 	76.1 	75.5 	74.8 	77.0 e	76.3 e	74.0 e	: 
A,PER_KM2,AL02	219.6 	222.3 	225.1 	227.0 	229.2 	232.4 	234.8 	236.2 	237.8 e	238.6 e	238.8 e	: 
A,PER_KM2,AL03	73.3 	72.4 	71.6 	70.7 	69.9 	68.9 	67.9 	67.1 	68.8 e	67.9 e	64.9 e	: 
A,PER_KM2,AT11	78.0 	78.2 	78.5 	79.0 	79.4 b	79.7 	77.5 	77.8 	77.8 	78.1 	79.2 	79.7 
A,PER_KM2,AT12	85.5 	85.7 	86.2 	87.0 	87.7 b	88.2 	88.5 	88.9 	88.9 	89.3 	90.4 	91.0 
A,PER_KM2,AT13	4377.6 	4440.5 	4511.5 	4604.5 	4693.4 b	4754.9 	4780.6 	4808.9 	4808.9 	4838.6 	4941.5 	5035.2 
A,PER_KM2,AT21	59.4 	59.4 	59.5 	59.7 	59.9 b	59.9 	59.9 	59.9 	59.9 	60.0 	60.5 	60.8 
A,PER_KM2,AT22	74.4 	74.6 	75.0 	75.5 	76.0 b	76.2 	76.4 	76.6 	76.6 	76.7 	77.5 	78.0 
A,PER_KM2,AT31	120.9 	121.4 	122.2 	123.4 	124.6 b	125.4 	126.1 	126.8 	126.8 	127.4 	129.2 	130.3 
A,PER_KM2,AT32	75.3 	75.6 	76.1 	76.9 	77.7 b	78.1 	78.5 	78.9 	78.9 	79.3 	80.1 	80.8 
A,PER_KM2,AT33	57.0 	57.5 	58.0 	58.7 	59.3 b	59.8 	60.2 	60.4 	60.4 	60.7 	61.4 	61.9 
A,PER_KM2,AT34	146.7 	147.6 	148.8 	150.5 	152.5 b	154.0 	155.2 	156.3 	156.3 	157.3 	159.6 	161.3 
A,PER_KM2,BE10	7194.2 	7260.7 	7319.4 	7408.0 	7454.6 b	7421.6 	7471.5 	7526.7 	7526.7 	7560.8 	7660.0 	7770.2 
A,PER_KM2,BE21	641.3 	644.7 	648.0 	652.0 	655.9 b	657.7 	661.6 	665.8 	665.8 	669.1 	678.8 	686.3 
A,PER_KM2,BE22	357.4 	358.7 	360.0 	361.9 	363.6 b	364.5 	365.8 	367.5 	367.5 	369.0 	373.8 	377.0 
A,PER_KM2,BE23	495.4 	497.8 	500.4 	503.4 	506.7 b	505.8 	508.8 	512.3 	512.3 	515.2 	523.4 	528.3 
A,PER_KM2,BE24	523.1 	526.0 	528.8 	532.2 	536.0 b	536.7 	540.5 	544.7 	544.7 	548.6 	558.7 	564.3 
A,PER_KM2,BE25	375.7 	376.5 	377.3 	378.3 	379.5 b	377.9 	379.2 	380.8 	380.8 	382.1 	386.2 	389.0 
A,PER_KM2,BE31	355.6 	357.9 	360.2 	363.0 	365.5 b	365.2 	367.3 	369.7 	369.7 	371.5 	375.8 	378.0 
A,PER_KM2,BE32	352.0 	353.1 	353.9 	354.8 	355.4 b	353.4 	353.9 	354.8 	354.8 	355.3 	357.3 	358.6 
A,PER_KM2,BE33	283.7 	284.7 	285.5 	286.5 	287.4 b	288.5 	289.0 	289.7 	289.7 	290.2 	291.6 	293.0 
A,PER_KM2,BE34	62.3 	62.6 	62.9 	63.5 	64.0 b	63.8 	64.1 	64.6 	64.6 	65.2 	66.4 	66.8 
A,PER_KM2,BE35	132.4 	132.8 	133.4 	134.2 	134.9 b	135.0 	135.3 	135.9 	135.9 	136.4 	137.8 	138.5 
A,PER_KM2,BG31	44.5 	43.8 	43.1 	42.5 	41.2 b	40.5 	39.8 	39.0 	39.0 	38.4 	35.9 	35.4 
A,PER_KM2,BG32	58.4 	57.8 	56.5 	57.0 	55.3 b	54.6 	53.9 	53.1 	53.1 	52.5 	47.1 	46.6 
A,PER_KM2,BG33	66.3 	66.1 	66.5 	65.5 	64.7 b	64.3 	64.0 	63.7 	63.7 	63.4 	56.7 	56.7 
A,PER_KM2,BG34	55.2 	54.9 	54.8 	54.8 	53.6 b	53.2 	52.9 	52.5 	52.5 	52.2 	48.5 	48.5 
A,PER_KM2,BG41	106.3 	106.2 	105.8 	107.1 	104.7 b	104.4 	104.1 	103.7 	103.7 	103.3 	99.7 	99.8 
A,PER_KM2,BG42	67.1 	66.7 	66.3 	66.0 	64.7 b	64.3 	63.9 	63.7 	63.7 	63.5 	58.9 	58.9 
A,PER_KM2,CH01	182.5 	185.0 	188.1 	191.1 	194.2 b	196.4 	198.2 	199.7 	199.7 	201.3 	205.2 	208.2 
A,PER_KM2,CH02	181.9 	183.9 	185.8 	187.6 	189.8 b	191.2 	192.1 	193.0 	193.0 	193.9 	196.2 	198.1 
A,PER_KM2,CH03	556.8 	563.1 	569.7 	575.9 	587.1 b	593.1 	598.0 	603.0 	603.0 	608.3 	619.0 	627.8 
A,PER_KM2,CH04	843.2 	853.2 	864.5 	876.8 	893.1 b	904.6 	914.5 	925.1 	925.1 	934.9 	950.6 	963.0 
A,PER_KM2,CH05	98.9 	99.8 	100.7 	101.6 	102.7 b	103.4 	104.0 	104.6 	104.6 	105.4 	107.3 	108.8 
A,PER_KM2,CH06	178.5 	180.4 	182.4 	184.3 	186.9 b	188.7 	190.4 	191.9 	191.9 	193.4 	196.9 	199.4 
A,PER_KM2,CH07	123.8 	125.5 	127.1 	128.2 	129.2 b	129.5 	129.4 	128.9 	128.9 	128.5 	129.2 	130.2 
A,PER_KM2,CY00	93.8 	93.5 	92.5 	92.0 	92.4 b	93.3 	94.4 	95.7 	95.7 	96.8 	100.6 b	104.0 b
A,PER_KM2,CZ01	2563.5 	2564.9 	2577.6 	2604.7 	2626.8 b	2654.7 	2683.7 	2714.3 	2714.3 	2741.6 	2714.2 	2826.9 
A,PER_KM2,CZ02	119.0 	120.0 	121.1 	122.3 	124.4 b	125.6 	127.0 	128.5 	128.5 	129.8 	131.8 	135.1 
A,PER_KM2,CZ03	70.8 	70.9 	71.0 	71.1 	70.9 b	71.1 	71.4 	71.8 	71.8 	72.0 	72.1 	73.7 
A,PER_KM2,CZ04	133.3 	133.0 	132.7 	132.4 	132.1 b	131.9 	131.7 	131.7 	131.7 	131.3 	129.1 	130.5 
A,PER_KM2,CZ05	123.1 	123.0 	122.9 	123.0 	123.1 b	123.2 	123.4 	123.7 	123.7 	123.8 	123.6 	125.3 
A,PER_KM2,CZ06	122.4 	122.5 	122.6 	122.8 	123.0 b	123.3 	123.6 	124.0 	124.0 	124.3 	124.8 	126.8 
A,PER_KM2,CZ07	134.5 	134.2 	134.0 	133.8 	133.6 b	133.4 	133.3 	133.2 	133.2 	132.9 	132.0 	133.0 
A,PER_KM2,CZ08	231.3 	230.5 	229.6 	228.9 	228.0 b	227.3 	226.7 	226.2 	226.2 	225.2 	222.8 	223.8 
A,PER_KM2,DE11	372.8 	375.1 	378.0 	382.6 	387.1 b	389.8 	392.0 	393.3 	393.3 	393.7 	393.1 b	393.8 b
A,PER_KM2,DE12	387.2 	389.5 	392.1 	396.4 	403.9 b	406.3 	408.2 	409.3 	409.3 	409.5 	411.4 b	413.7 b
A,PER_KM2,DE13	230.5 	231.7 	233.4 	236.0 	241.0 b	242.6 	244.0 	244.9 	244.9 	245.5 	247.8 b	249.7 b
A,PER_KM2,DE14	198.4 	199.2 	200.5 	202.9 	210.6 b	212.0 	213.2 	214.2 	214.2 	214.9 	216.7 b	218.2 b
A,PER_KM2,DE21	250.4 	253.4 	256.4 	259.8 	268.3 b	270.1 	271.6 	273.4 	273.4 	274.4 	274.5 b	274.4 b
A,PER_KM2,DE22	114.1 	114.8 	115.5 	116.7 	118.5 b	119.4 	120.3 	121.0 	121.0 	121.5 	121.8 b	121.7 b
A,PER_KM2,DE23	110.8 	111.1 	111.5 	112.2 	113.6 b	114.2 	114.8 	115.2 	115.2 	115.3 	115.3 b	115.3 b
A,PER_KM2,DE24	146.6 	146.2 	146.0 	146.2 	147.0 b	147.5 	147.9 	147.8 	147.8 	147.4 	146.4 b	146.0 b
A,PER_KM2,DE25	233.7 	235.1 	236.3 	238.4 	241.8 b	243.3 	244.7 	245.7 	245.7 	246.1 	246.7 b	247.7 b
A,PER_KM2,DE26	152.2 	152.1 	152.2 	152.7 	153.9 b	154.4 	154.8 	155.1 	155.1 	155.1 	154.9 b	154.5 b
A,PER_KM2,DE27	178.9 	180.1 	181.5 	183.5 	187.3 b	188.7 	190.2 	191.5 	191.5 	192.5 	193.3 b	193.4 b
A,PER_KM2,DE30	3757.3 	3811.3 	3867.4 	3922.5 	4193.2 b	4248.4 	4289.8 	4322.9 	4322.9 	4334.3 	4320.5 b	4311.6 b
A,PER_KM2,DE40	83.1 	83.1 	82.7 	83.3 	85.8 b	86.1 	86.4 	86.7 	86.7 	87.1 	87.6 b	87.9 b
A,PER_KM2,DE50	1558.7 	1564.9 	1570.6 	1587.4 	1726.7 b	1738.9 	1744.3 	1744.5 	1744.5 	1740.8 	1754.8 b	1788.3 b
A,PER_KM2,DE60	2285.5 	2304.1 	2323.9 	2351.1 	2533.7 b	2564.1 	2585.7 	2597.5 	2597.5 	2605.4 	2596.2 b	2594.6 b
A,PER_KM2,DE71	507.4 	511.3 	516.2 	522.9 	532.4 b	536.1 	539.3 	542.2 	542.2 	544.1 	542.8 b	542.6 b
A,PER_KM2,DE72	190.4 	190.1 	190.7 	192.2 	193.8 b	194.3 	194.7 	194.9 	194.9 	195.1 	194.2 b	193.3 b
A,PER_KM2,DE73	145.2 	144.9 	144.8 	145.7 	147.1 b	147.4 	147.5 	147.5 	147.5 	147.4 	146.2 b	145.2 b
A,PER_KM2,DE80	69.1 	68.9 	68.6 	68.9 	71.4 b	71.4 	71.3 	71.3 	71.3 	71.3 	70.6 b	69.9 b
A,PER_KM2,DE91	194.5 	194.4 	194.4 	195.8 	197.5 b	197.3 	197.4 	197.3 	197.3 	197.0 	196.7 b	196.8 b
A,PER_KM2,DE92	231.5 	231.8 	232.1 	233.9 	237.6 b	238.2 	238.8 	239.0 	239.0 	238.9 	237.3 b	235.8 b
A,PER_KM2,DE93	107.6 	107.7 	107.7 	108.7 	110.6 b	110.8 	111.0 	111.4 	111.4 	111.7 	112.0 b	111.7 b
A,PER_KM2,DE94	163.0 	163.3 	163.7 	165.4 	167.9 b	168.6 	169.2 	169.8 	169.8 	170.4 	171.6 b	172.2 b
A,PER_KM2,DEA1	959.9 	960.8 	963.6 	971.6 	1002.4 b	1004.8 	1005.9 	1006.7 	1006.7 	1006.5 	1007.8 b	1011.7 b
A,PER_KM2,DEA2	584.9 	587.2 	590.3 	596.3 	607.6 b	609.7 	611.8 	613.4 	613.4 	613.9 	612.5 b	612.9 b
A,PER_KM2,DEA3	372.2 	372.0 	372.6 	375.5 	379.1 b	379.6 	379.9 	380.1 	380.1 	380.2 	381.8 b	383.5 b
A,PER_KM2,DEA4	310.6 	310.3 	310.7 	313.3 	316.4 b	316.1 	316.2 	316.3 	316.3 	316.2 	317.6 b	318.7 b
A,PER_KM2,DEA5	445.1 	443.9 	443.7 	446.5 	450.4 b	449.5 	449.3 	449.1 	449.1 	448.4 	447.4 b	447.9 b
A,PER_KM2,DEB1	183.1 	182.7 	182.8 	183.6 	185.8 b	186.1 	186.4 	186.7 	186.7 	187.0 	188.7 b	190.2 b
A,PER_KM2,DEB2	105.3 	105.4 	105.7 	107.0 	108.3 b	107.9 	108.2 	108.5 	108.5 	108.9 	108.3 b	107.3 b
A,PER_KM2,DEB3	291.0 	291.7 	292.9 	295.1 	300.0 b	301.4 	302.4 	303.2 	303.2 	303.6 	303.7 b	304.1 b
A,PER_KM2,DEC0	387.8 	386.4 	385.0 	386.0 	388.4 b	388.1 	386.9 	385.5 	385.5 	384.2 	388.7 b	394.9 b
A,PER_KM2,DED2	200.7 	200.6 	200.4 	201.1 	206.1 b	205.9 	205.7 	205.6 	205.6 	205.1 	204.1 b	204.5 b
A,PER_KM2,DED4	227.8 	226.0 	224.6 	224.3 	224.3 b	222.7 	221.3 	219.9 	219.9 	218.2 	215.0 b	214.6 b
A,PER_KM2,DED5	245.9 	247.8 	249.6 	253.4 	262.2 b	264.9 	266.9 	268.4 	268.4 	269.7 	272.1 b	273.7 b
A,PER_KM2,DEE0	110.9 	110.1 	109.5 	109.5 	110.7 b	110.1 	109.4 	108.7 	108.7 	108.1 	106.7 b	106.1 b
A,PER_KM2,DEF0	177.5 	177.9 	178.7 	180.0 	186.3 b	187.3 	187.8 	188.2 	188.2 	188.7 	190.2 b	191.2 b
A,PER_KM2,DEG0	134.6 	133.9 	133.3 	133.6 	134.1 b	133.5 	133.0 	132.4 	132.4 	131.7 	130.9 b	131.4 b
A,PER_KM2,DK01	676.8 	681.8 	687.6 	695.1 	738.5 b	745.4 	751.2 	756.0 	756.0 	760.0 	772.0 	780.9 
A,PER_KM2,DK02	113.2 	113.1 	113.3 	114.1 	117.3 b	117.8 	118.1 	118.3 	118.3 	118.4 	119.6 	120.3 
A,PER_KM2,DK03	98.0 	98.1 	98.2 	98.6 	101.3 b	101.7 	101.9 	102.0 	102.0 	102.0 	102.8 	103.2 
A,PER_KM2,DK04	97.7 	98.0 	98.4 	99.0 	101.7 b	102.5 	103.2 	103.7 	103.7 	104.1 	105.8 	106.7 
A,PER_KM2,DK05	73.7 	73.7 	73.8 	74.1 	76.0 b	76.2 	76.4 	76.4 	76.4 	76.5 	76.9 	76.9 
A,PER_KM2,EE00	30.5 	30.3 	30.3 	30.3 	30.3 b	30.3 	30.4 	30.5 	30.5 	30.6 	31.3 	31.8 
A,PER_KM2,EL30	1032.6 	1019.5 	1007.7 	999.0 	992.5 b	989.2 	989.8 	987.5 	987.5 	986.8 	1003.4 	1000.5 
A,PER_KM2,EL41	51.9 	51.6 	51.4 	51.6 	52.4 b	54.3 	56.9 	59.3 	59.3 	60.3 	51.3 	52.1 
A,PER_KM2,EL42	63.1 	63.1 	63.1 	63.3 	63.7 b	64.3 	65.5 	66.1 	66.1 	66.5 	62.5 	62.5 
A,PER_KM2,EL43	75.5 	75.6 	75.7 	75.8 	75.9 b	76.0 	76.4 	76.5 	76.5 	76.7 	75.0 	75.0 
A,PER_KM2,EL51	43.1 	43.0 	42.8 	43.1 	42.9 b	42.8 	42.9 	42.8 	42.8 	42.7 	40.0 	40.0 
A,PER_KM2,EL52	100.1 	99.6 	99.1 	100.0 	99.6 b	99.4 	101.3 	101.2 	101.2 	100.8 	96.6 	96.3 
A,PER_KM2,EL53	29.8 	29.6 	29.3 	29.7 	29.5 b	29.2 	29.1 	28.8 	28.8 	28.5 	27.3 	27.0 
A,PER_KM2,EL54	37.6 	37.3 	37.1 	37.2 	37.0 b	36.9 	36.8 	36.8 	36.8 	36.6 	35.1 	35.2 
A,PER_KM2,EL61	52.9 	52.6 	52.4 	52.2 	52.0 b	51.7 	51.7 	51.4 	51.4 	51.1 	49.1 	48.8 
A,PER_KM2,EL62	90.5 	90.2 	89.9 	89.9 	89.5 b	89.2 	89.7 	89.4 	89.4 	89.1 	89.3 	88.5 
A,PER_KM2,EL63	60.5 	60.0 	59.6 	60.6 	60.2 b	59.8 	59.6 	59.2 	59.2 	58.8 	58.4 	58.1 
A,PER_KM2,EL64	36.0 	36.0 	35.9 	36.1 	36.0 b	36.0 	36.0 	36.1 	36.1 	36.0 	32.8 	32.7 
A,PER_KM2,EL65	37.9 	37.8 	37.7 	37.6 	37.5 b	37.3 	37.2 	37.1 	37.1 	36.9 	34.7 	34.5 
A,PER_KM2,ES11	94.3 	93.9 	93.4 	92.9 	92.4 b	92.1 	92.0 	92.0 	92.0 	91.9 	91.8 	92.0 
A,PER_KM2,ES12	101.3 	100.5 	99.8 	99.0 	98.2 b	97.6 	97.0 	96.6 	96.6 	96.2 	95.2 	95.4 
A,PER_KM2,ES13	112.4 	111.9 	111.4 	110.9 	110.5 b	110.4 	110.4 	110.5 	110.5 	110.7 	111.4 	111.9 
A,PER_KM2,ES21	302.9 	301.7 	299.6 	301.3 	301.2 b	301.7 	302.4 	303.7 	303.7 	304.2 	307.5 	309.0 
A,PER_KM2,ES22	61.8 	61.6 	61.5 	61.6 	61.7 b	62.1 	62.5 	63.1 	63.1 	63.5 	64.6 	65.3 
A,PER_KM2,ES23	63.6 	63.0 	62.4 	62.2 	62.2 b	62.2 	62.3 	62.6 	62.6 	62.8 	63.8 	64.2 
A,PER_KM2,ES24	28.3 	28.1 	28.0 	27.9 	27.8 b	27.7 	27.7 	27.9 	27.9 	28.0 	28.1 	28.4 
A,PER_KM2,ES30	806.4 	803.5 	801.0 	803.9 	809.2 b	817.0 	827.3 	839.7 	839.7 	846.9 	853.9 	870.6 
A,PER_KM2,ES41	27.0 	26.8 	26.5 	26.3 	26.1 b	25.9 	25.7 	25.6 	25.6 	25.5 	25.4 	25.5 
A,PER_KM2,ES42	26.6 	26.4 	26.2 	26.0 	25.8 b	25.7 	25.7 	25.8 	25.8 	25.9 	26.2 	26.5 
A,PER_KM2,ES43	27.1 	27.0 	26.8 	26.7 	26.4 b	26.2 	26.1 	26.0 	26.0 	25.9 	25.8 	25.8 
A,PER_KM2,ES51	234.4 	232.9 	232.0 	231.9 	232.3 b	233.5 	235.5 	238.1 	238.1 	239.7 	245.0 	248.9 
A,PER_KM2,ES52	216.9 	215.7 	213.8 	213.3 	213.3 b	213.6 	214.4 	216.2 	216.2 	217.8 	223.1 	227.7 
A,PER_KM2,ES53	221.5 	223.0 	224.8 	226.8 	229.9 b	233.0 	236.8 	241.2 	241.2 	244.4 	241.0 	245.5 
A,PER_KM2,ES61	96.9 	97.0 	96.8 	96.9 	96.9 b	96.9 	97.0 	97.4 	97.4 	97.8 	98.5 	99.2 
A,PER_KM2,ES62	129.5 	129.5 	129.5 	129.7 	130.0 b	130.4 	131.1 	132.4 	132.4 	133.5 	136.3 	138.0 
A,PER_KM2,ES63	4371.3 	4392.9 	4457.0 	4456.4 	4242.2 b	4256.1 	4251.0 	4222.9 	4222.9 	4190.1 	4152.7 	4155.8 
A,PER_KM2,ES64	6167.5 	6245.0 	6478.5 	6512.8 	6061.1 b	6059.1 	6049.9 	6041.5 	6041.5 	6017.7 	6086.6 	6124.2 
A,PER_KM2,ES70	281.4 	283.3 	284.9 	286.3 	289.1 b	291.8 	295.3 	299.4 	299.4 	301.9 	296.3 	299.9 
A,PER_KM2,FI19	23.5 	23.5 	23.6 	23.6 	23.7 b	23.7 	23.7 	23.7 	23.7 	23.6 	23.7 	24.2 
A,PER_KM2,FI1B	171.3 	173.3 	175.3 	177.2 	179.1 b	181.0 	182.8 	184.7 	184.7 	186.5 	189.5 	192.0 
A,PER_KM2,FI1C	36.5 	36.6 	36.9 	36.9 	36.9 b	36.8 	36.7 	36.6 	36.6 	36.5 	36.4 	36.5 
A,PER_KM2,FI1D	6.4 	6.4 	6.4 	6.4 	6.4 b	6.4 	6.3 	6.3 	6.3 	6.3 	6.2 	6.2 
A,PER_KM2,FI20	18.3 	18.4 	18.6 	18.6 	18.7 b	18.9 	19.1 	19.2 	19.2 	19.3 	19.5 	19.6 
A,PER_KM2,FR10	993.1 	998.5 	1008.6 	1007.3 	1016.2 	1020.3 	1023.5 	1026.8 	1027.9 	1031.5 p	1037.0 p	1039.1 p
A,PER_KM2,FRB0	65.6 	65.7 	65.7 	65.7 	65.7 	65.6 	65.5 	65.4 	65.6 	65.5 p	65.8 p	65.8 p
A,PER_KM2,FRC1	52.0 	52.0 	52.0 	51.9 	51.8 	51.6 	51.5 	51.3 	51.4 	51.2 p	51.4 p	51.3 p
A,PER_KM2,FRC2	72.6 	72.7 	72.7 	72.8 	72.8 	72.7 	72.7 	72.6 	72.8 	72.7 p	72.8 p	72.8 p
A,PER_KM2,FRD1	84.0 	84.1 	83.4 	83.3 	83.2 	83.0 	82.8 	82.6 	82.8 	82.6 p	83.3 p	83.3 p
A,PER_KM2,FRD2	150.0 	150.4 	151.7 	151.8 	151.7 	151.6 	151.4 	151.2 	151.4 	151.2 p	152.0 p	152.1 p
A,PER_KM2,FRE1	326.7 	327.7 	328.5 	328.4 	328.2 	328.1 	327.9 	327.4 	328.1 	327.9 p	328.3 p	328.0 p
A,PER_KM2,FRE2	99.2 	99.4 	99.6 	99.7 	99.6 	99.6 	99.5 	99.4 	99.6 	99.4 p	99.0 p	98.8 p
A,PER_KM2,FRF1	225.1 	225.9 	227.0 	227.7 	228.3 	229.2 	230.0 	230.6 	231.2 	231.9 p	233.1 p	233.5 p
A,PER_KM2,FRF2	52.3 	52.3 	52.4 	52.3 	52.1 	51.9 	51.7 	51.5 	51.6 	51.4 p	51.3 p	51.1 p
A,PER_KM2,FRF3	99.7 	99.5 	99.6 	99.5 	99.3 	99.1 	98.9 	98.6 	98.9 	98.7 p	98.7 p	98.5 p
A,PER_KM2,FRG0	113.7 	114.6 	115.1 	115.8 	116.4 	117.1 	117.7 	118.3 	118.6 	119.2 p	120.8 p	121.4 p
A,PER_KM2,FRH0	119.4 	120.1 	120.0 	120.5 	121.0 	121.5 	122.0 	122.4 	122.8 	123.4 p	125.3 p	126.0 p
A,PER_KM2,FRI1	79.9 	80.6 	81.2 	81.8 	82.4 	82.9 	83.4 	83.9 	84.1 	84.7 p	86.2 p	86.8 p
A,PER_KM2,FRI2	43.6 	43.5 	43.5 	43.4 	43.3 	43.2 	43.0 	42.9 	42.9 	42.7 p	42.9 p	42.8 p
A,PER_KM2,FRI3	69.2 	69.5 	69.5 	69.7 	69.8 	69.9 	69.9 	70.0 	70.2 	70.3 p	70.8 p	71.0 p
A,PER_KM2,FRJ1	99.2 	100.1 	101.0 	101.7 	102.4 	103.1 	103.8 	104.4 	104.7 	105.4 p	107.4 p	108.2 p
A,PER_KM2,FRJ2	64.8 	65.4 	65.9 	66.3 	66.6 	67.1 	67.5 	67.8 	68.0 	68.5 p	69.6 p	70.1 p
A,PER_KM2,FRK1	52.1 	52.2 	52.2 	52.3 	52.3 	52.4 	52.5 	52.6 	52.6 	52.6 p	52.6 p	52.5 p
A,PER_KM2,FRK2	145.8 	147.2 	146.6 	147.7 	148.5 	149.3 	150.2 	150.9 	151.2 	152.0 p	153.9 p	154.7 p
A,PER_KM2,FRL0	157.5 	158.2 	159.9 	160.6 	160.9 	161.4 	162.0 	162.4 	163.0 	163.5 p	165.9 p	166.7 p
A,PER_KM2,FRM0	36.7 	37.1 	37.5 	37.9 	38.3 	38.8 	39.2 	39.6 	39.4 	39.8 p	40.7 p	41.0 p
A,PER_KM2,FRY1	: 	328.5 	258.6 	257.0 	254.6 	252.2 	249.7 	247.0 	246.7 	244.2 p	246.7 p	246.0 p
A,PER_KM2,FRY2	343.0 	341.1 	347.0 	343.6 	339.9 	336.4 	332.7 	328.6 	328.9 	325.0 p	326.8 p	325.2 p
A,PER_KM2,FRY3	2.9 	3.0 	3.1 	3.2 	3.2 	3.3 	3.3 	3.4 	3.4 	3.5 p	3.5 p	3.5 p
A,PER_KM2,FRY4	333.3 	335.1 	341.7 	343.8 	344.3 	345.0 	345.5 	345.7 	347.9 	348.9 p	356.7 p	358.9 p
A,PER_KM2,FRY5	: 	: 	624.5 	648.2 	672.8 	698.3 	724.4 	750.8 	751.9 	777.6 p	835.4 p	863.7 p
A,PER_KM2,HR02	: 	: 	: 	: 	: 	: 	: 	: 	: 	45.1 b	44.1 	43.6 
A,PER_KM2,HR03	57.0 	56.9 	56.8 	56.6 	56.7 b	56.4 	56.1 	56.0 	56.0 	55.9 	52.9 	53.2 
A,PER_KM2,HR04	89.7 	89.3 	88.8 	88.1 	88.6 b	87.5 	86.5 	85.8 	85.8 	: 	: 	: 
A,PER_KM2,HU11	3297.7 	3313.8 	3433.6 	3448.1 	3443.2 b	3433.8 	3433.4 	3433.8 	3433.8 	3405.9 	3277.9 	3291.4 
A,PER_KM2,HU12	190.2 	190.8 	194.8 	195.9 	197.6 b	199.7 	202.3 	205.1 	205.1 	207.5 	210.5 	211.9 
A,PER_KM2,HU21	96.9 	96.7 	99.8 	99.4 	99.0 b	98.8 	98.9 	99.1 	99.1 	99.2 	99.1 	99.0 
A,PER_KM2,HU22	86.9 	86.9 	88.0 	87.9 	87.9 b	88.0 	88.2 	88.6 	88.6 	89.0 	87.7 	87.8 
A,PER_KM2,HU23	65.5 	64.9 	66.4 	65.8 	65.2 b	64.7 	64.2 	63.7 	63.7 	63.4 	62.5 	62.2 
A,PER_KM2,HU31	89.0 	88.1 	88.1 	87.2 	86.4 b	85.7 	85.0 	84.4 	84.4 	83.9 	82.6 	81.9 
A,PER_KM2,HU32	84.3 	83.9 	85.1 	84.8 	84.5 b	84.1 	83.6 	83.1 	83.1 	82.6 	80.9 	80.5 
A,PER_KM2,HU33	70.5 	70.0 	70.4 	70.0 	69.4 b	68.9 	68.5 	68.1 	68.1 	67.7 	66.4 	66.0 
A,PER_KM2,IE04	32.3 	32.3 	33.4 	33.5 	33.8 b	34.1 	34.5 	35.0 	35.0 e	35.3 	36.7 	37.6 
A,PER_KM2,IE05	52.9 	53.1 	53.3 	53.5 	53.9 b	54.4 	54.9 	55.6 	55.6 e	56.1 	58.6 	59.8 
A,PER_KM2,IE06	153.1 	154.2 	157.9 	160.4 	162.7 b	164.7 	167.1 	169.8 	169.8 e	171.7 	179.9 	182.9 
A,PER_KM2,IS00	3.2 	3.2 	3.3 	3.3 	3.3 b	3.4 	3.5 	3.6 	3.6 	3.6 	3.8 	3.8 
A,PER_KM2,ITC1	175.6 	173.5 	178.2 	177.6 	176.9 b	174.3 	173.6 	172.3 	171.8 b	170.7 	169.1 	169.0 
A,PER_KM2,ITC2	39.3 	39.3 	39.7 	39.5 	39.2 b	39.0 	38.8 	38.6 	38.6 b	38.4 	38.0 	37.9 
A,PER_KM2,ITC3	293.9 	291.5 	297.9 	295.9 	294.2 b	288.7 	287.3 	284.3 	282.7 b	281.4 	278.9 	278.9 
A,PER_KM2,ITC4	427.5 	414.2 	438.1 	438.8 	439.2 b	435.1 	436.0 	435.8 	434.7 b	434.1 	432.1 	433.6 
A,PER_KM2,ITF1	123.1 	122.2 	125.3 	125.0 	124.5 b	122.0 	121.5 	120.5 	120.0 b	119.1 	117.9 	117.6 
A,PER_KM2,ITF2	71.6 	70.4 	71.8 	71.5 	71.2 b	69.6 	69.1 	68.2 	68.0 b	66.9 	65.6 	65.2 
A,PER_KM2,ITF3	430.6 	425.7 	438.0 	437.3 	436.5 b	427.8 	426.4 	422.2 	420.0 b	415.7 	412.0 	410.8 
A,PER_KM2,ITF4	211.1 	208.3 	213.1 	212.8 	212.1 b	210.2 	209.3 	206.8 	205.4 b	204.3 	202.9 	202.1 
A,PER_KM2,ITF5	59.4 	57.3 	59.4 	59.2 	58.9 b	56.8 	56.4 	55.7 	55.5 b	54.8 	53.8 	53.4 
A,PER_KM2,ITF6	132.7 	129.4 	134.1 	133.8 	133.4 b	129.2 	128.6 	126.5 	125.4 b	123.7 	121.9 	121.4 
A,PER_KM2,ITG1	196.8 	195.4 	200.5 	200.1 	199.4 b	196.2 	195.1 	192.1 	190.3 b	188.9 	187.7 	187.0 
A,PER_KM2,ITG2	68.6 	68.6 	69.6 	69.5 	69.3 b	69.3 	69.1 	68.3 	67.9 b	67.3 	66.2 	65.9 
A,PER_KM2,ITH1	68.8 	69.3 	70.2 	70.5 	70.9 b	71.4 	71.8 	72.2 	72.1 b	72.4 	72.4 	72.7 
A,PER_KM2,ITH2	85.9 	85.9 	87.4 	87.6 	87.7 b	87.6 	87.8 	88.2 	88.5 b	88.3 	88.0 	88.4 
A,PER_KM2,ITH3	277.0 	266.4 	280.4 	280.1 	279.5 b	282.8 	282.8 	282.0 	281.4 b	281.0 	279.5 	279.6 
A,PER_KM2,ITH4	161.4 	155.9 	162.6 	162.0 	161.4 b	160.7 	160.5 	159.9 	159.6 b	159.0 	157.8 	157.8 
A,PER_KM2,ITH5	194.2 	196.5 	198.1 	198.2 	198.1 b	201.5 	201.7 	201.9 	201.9 b	201.5 	200.6 	200.7 
A,PER_KM2,ITI1	162.4 	161.9 	165.6 	165.4 	165.2 b	164.0 	163.7 	162.7 	162.1 b	161.9 	160.6 	160.6 
A,PER_KM2,ITI2	107.2 	105.3 	108.5 	108.2 	107.9 b	106.8 	106.3 	105.5 	105.0 b	104.5 	103.3 	102.9 
A,PER_KM2,ITI3	164.7 	164.8 	165.1 	164.6 	163.9 b	163.6 	162.9 	161.9 	161.6 b	160.4 	158.3 	159.1 
A,PER_KM2,ITI4	327.2 	331.6 	348.1 	348.6 	348.8 b	347.7 	347.2 	343.0 	339.9 b	338.7 	337.2 	337.2 
A,PER_KM2,LI00	234.7 	236.8 	235.7 	237.3 	238.7 b	240.3 	242.1 	244.1 	244.1 	246.2 	250.0 	252.2 
A,PER_KM2,LT01	85.5 	85.5 	85.5 	85.6 	85.5 b	85.5 	85.8 	86.6 	86.6 	87.6 	88.4 	91.1 
A,PER_KM2,LT02	41.0 	40.4 	39.9 	39.4 	38.8 b	38.0 	37.5 	37.2 	37.2 	37.0 	37.5 	37.8 
A,PER_KM2,LU00	205.3 	210.1 	215.1 	220.3 	225.1 b	230.6 	235.1 	239.8 	239.8 	243.8 	252.6 	257.7 
A,PER_KM2,LV00	32.7 	32.4 	32.0 	31.8 	31.0 b	30.7 	30.4 	30.2 	30.2 	30.0 	29.7 	30.2 
A,PER_KM2,ME00	44.9 	45.0 	45.0 	45.0 	45.7 b	45.7 	45.7 	45.7 	45.7 	45.6 	45.3 	45.6 
A,PER_KM2,MK00	82.7 	82.8 	83.0 	83.1 	83.2 b	83.3 	83.4 	83.4 	83.4 	83.2 	73.7 b	: 
A,PER_KM2,MT00	1329.2 	1348.0 	1375.2 	1408.4 	1450.2 b	1495.2 	1548.3 	1595.1 	1610.4 	1646.4 	1696.8 	1766.0 
A,PER_KM2,NL11	250.0 	250.4 	251.0 	251.2 	247.3 b	247.1 	247.2 	247.9 	247.9 	248.5 	251.3 	259.9 
A,PER_KM2,NL12	193.7 	193.6 	193.7 	193.7 	190.3 b	190.5 	190.6 	191.0 	191.0 	191.6 	193.3 	200.1 
A,PER_KM2,NL13	185.8 	185.5 	185.6 	185.6 	183.5 b	184.2 	184.3 	184.5 	184.5 	185.0 	187.2 	188.4 
A,PER_KM2,NL21	342.5 	342.8 	343.5 	344.2 	340.9 b	341.9 	343.2 	344.9 	344.9 	346.4 	350.4 	353.0 
A,PER_KM2,NL22	405.1 	406.0 	407.2 	408.8 	408.3 	410.8 	413.2 	415.8 	415.8 	418.3 	424.4 	428.3 
A,PER_KM2,NL23	280.5 	282.0 	283.9 	285.4 	282.9 b	285.5 	288.6 	292.5 	292.5 	296.6 	306.4 	312.0 
A,PER_KM2,NL31	897.4 	903.4 	913.4 	920.6 	910.4 b	918.1 	926.1 	934.6 	934.6 	953.9 	981.3 	: 
A,PER_KM2,NL32	1019.4 	1025.3 	1032.9 	1041.1 	1016.0 b	1024.5 	1032.4 	1041.2 	1041.2 	1047.6 	1064.7 	1079.2 
A,PER_KM2,NL33	1267.1 	1271.5 	1278.4 	1286.5 	1260.8 b	1271.0 	1281.2 	1292.2 	1292.2 	1295.1 	1310.9 	: 
A,PER_KM2,NL34	213.7 	213.5 	213.6 	213.8 	211.5 b	211.8 	212.2 	212.6 	212.6 	213.2 	215.7 	217.1 
A,PER_KM2,NL41	502.1 	503.7 	506.4 	508.4 	505.1 b	508.0 	511.3 	514.8 	514.8 	517.7 	526.0 	533.4 
A,PER_KM2,NL42	522.2 	521.4 	521.2 	520.3 	517.8 b	518.0 	517.7 	517.7 	517.7 	517.6 	520.8 	524.3 
A,PER_KM2,NO01	235.8 	239.8 	244.0 	248.2 	249.0 b	252.5 	255.9 	259.8 	259.8 	: 	: 	: 
A,PER_KM2,NO02	7.6 	7.7 	7.7 	7.7 	7.6 b	7.7 	7.7 	7.7 	7.7 	7.5 	7.5 	7.6 
A,PER_KM2,NO03	28.4 	28.6 	28.9 	29.1 	28.9 b	29.1 	29.3 	29.4 	29.4 	: 	: 	: 
A,PER_KM2,NO04	31.2 	31.7 	32.1 	32.4 	31.7 b	31.9 	32.0 	32.2 	32.2 	: 	: 	: 
A,PER_KM2,NO05	18.4 	18.6 	18.8 	19.0 	18.9 b	19.0 	19.0 	19.1 	19.1 	: 	: 	: 
A,PER_KM2,NO06	11.2 	11.4 	11.5 	11.6 	11.5 b	11.7 	11.8 	11.8 	11.8 	12.0 	12.1 	12.2 
A,PER_KM2,NO07	4.4 	4.5 	4.5 	4.5 	4.4 b	4.5 	4.5 	4.5 	4.5 	4.5 	4.5 	4.6 
A,PER_KM2,PL21	220.8 	221.2 	220.9 	221.4 	221.9 b	222.5 	223.2 	224.0 	224.0 	224.4 	220.9 ep	220.8 ep
A,PER_KM2,PL22	376.4 	375.2 	373.7 	372.6 	371.6 b	370.7 	369.9 	368.8 	368.8 	367.2 	350.5 ep	348.2 ep
A,PER_KM2,PL41	116.8 	117.0 	116.8 	117.0 	117.1 b	117.4 	117.6 	117.9 	117.9 	118.0 	116.9 ep	116.7 ep
A,PER_KM2,PL42	78.2 	78.0 	77.3 	77.2 	77.0 b	76.9 	76.8 	76.6 	76.6 	76.3 	72.9 ep	72.5 ep
A,PER_KM2,PL43	73.6 	73.5 	73.0 	72.9 	72.8 b	72.8 	72.7 	72.6 	72.6 	72.4 	69.2 ep	68.8 ep
A,PER_KM2,PL51	145.5 	145.3 	145.1 	145.0 	144.9 b	144.9 	144.9 	144.9 	144.9 	144.7 	142.5 ep	142.1 ep
A,PER_KM2,PL52	104.3 	103.8 	102.9 	102.5 	102.2 b	102.0 	101.7 	101.4 	101.4 	100.8 	96.6 ep	95.9 ep
A,PER_KM2,PL61	118.5 	118.4 	117.6 	117.4 	117.3 b	117.2 	117.1 	116.8 	116.8 	116.4 	110.9 ep	110.2 ep
A,PER_KM2,PL62	62.6 	62.5 	61.9 	61.7 	61.5 b	61.4 	61.3 	61.1 	61.1 	60.8 	57.0 ep	56.6 ep
A,PER_KM2,PL63	128.4 	128.8 	128.2 	128.6 	129.0 b	129.5 	130.0 	130.6 	130.6 	131.0 	129.8 ep	129.8 ep
A,PER_KM2,PL71	: 	138.3 	137.7 	137.2 	136.7 b	136.2 	135.7 	135.2 	135.2 	134.4 	129.8 ep	128.9 ep
A,PER_KM2,PL72	: 	108.1 	107.5 	107.0 	106.6 b	106.1 	105.6 	105.1 	105.1 	104.3 	97.8 ep	97.0 ep
A,PER_KM2,PL81	: 	85.8 	85.5 	85.2 	84.9 b	84.6 	84.3 	84.0 	84.0 	83.5 	78.5 ep	77.9 ep
A,PER_KM2,PL82	: 	118.2 	117.7 	117.7 	117.7 b	117.8 	117.8 	117.8 	117.8 	117.6 	111.0 ep	110.7 ep
A,PER_KM2,PL84	: 	58.6 	58.2 	58.0 	57.9 b	57.8 	57.7 	57.5 	57.5 	57.3 	54.3 ep	54.1 ep
A,PER_KM2,PL91	: 	: 	490.4 	493.9 	497.4 b	501.2 	505.4 	510.2 	510.2 	513.7 	542.7 ep	544.7 ep
A,PER_KM2,PL92	: 	: 	80.5 	80.3 	80.1 b	80.0 	79.8 	79.5 	79.5 	79.1 	75.8 ep	75.4 ep
A,PER_KM2,PT11	172.7 	171.7 	170.7 	169.7 	170.2 b	169.6 	169.3 	169.3 	169.3 	169.1 	171.7 	173.5 
A,PER_KM2,PT15	89.1 	88.7 	88.4 	88.4 	89.5 b	89.3 	89.0 	88.9 	88.9 	88.8 	96.1 	97.6 
A,PER_KM2,PT16	81.8 	81.2 	80.6 	80.2 	80.4 b	79.9 	79.5 	79.2 	79.2 	79.4 	80.2 bp	: 
A,PER_KM2,PT17	940.3 	932.9 	931.5 	932.3 	1002.5 b	1006.2 	1010.7 	1015.9 	1015.9 	1020.0 	1026.6 bp	: 
A,PER_KM2,PT18	23.8 	23.6 	23.4 	23.1 	23.2 b	23.0 	22.8 	22.7 	22.7 	22.6 	22.9 bp	: 
A,PER_KM2,PT19	: 	: 	: 	: 	: 	: 	: 	: 	: 	: 	: 	72.9 
A,PER_KM2,PT1A	: 	: 	: 	: 	: 	: 	: 	: 	: 	: 	: 	1597.7 
A,PER_KM2,PT1B	: 	: 	: 	: 	: 	: 	: 	: 	: 	: 	: 	549.5 
A,PER_KM2,PT1C	: 	: 	: 	: 	: 	: 	: 	: 	: 	: 	: 	17.7 
A,PER_KM2,PT1D	: 	: 	: 	: 	: 	: 	: 	: 	: 	: 	: 	92.6 
A,PER_KM2,PT20	106.5 	106.6 	106.3 	106.0 	106.5 b	106.1 	105.6 	105.3 	105.3 	105.2 	103.9 	104.4 
A,PER_KM2,PT30	329.1 	327.3 	324.6 	321.5 	320.0 b	318.7 	318.1 	318.0 	318.0 	318.0 	317.1 	319.6 
A,PER_KM2,RO11	77.1 	77.0 	76.8 	76.6 	76.4 	76.1 	75.2 	75.0 	75.0 e	74.7 e	74.3 e	74.6 e
A,PER_KM2,RO12	69.9 	69.8 	69.6 	69.4 	69.2 	68.9 	68.4 	68.2 	68.2 e	68.0 e	67.0 e	67.3 e
A,PER_KM2,RO21	91.0 	90.7 	90.6 	90.4 	89.9 	89.5 	88.0 	87.5 	87.5 e	87.0 e	88.3 e	88.4 e
A,PER_KM2,RO22	81.1 	80.7 	80.2 	79.6 	78.8 	78.1 	71.6 	70.9 	70.9 e	70.2 e	70.0 e	69.8 e
A,PER_KM2,RO31	93.2 	92.5 	91.8 	91.0 	90.1 	89.2 	87.1 	86.1 	86.1 e	85.2 e	84.1 e	83.8 e
A,PER_KM2,RO32	1297.0 	1297.7 	1298.2 	1299.7 	1299.1 	1304.6 	1316.3 	1321.9 	1321.9 e	1325.3 e	1299.4 e	1310.0 e
A,PER_KM2,RO41	72.0 	71.7 	71.1 	70.4 	69.7 	68.9 	67.6 	66.9 	66.9 e	66.3 e	65.1 e	64.8 e
A,PER_KM2,RO42	57.8 	57.6 	57.4 	57.2 	56.9 	56.6 	55.9 	55.7 	55.7 e	55.4 e	52.4 e	52.5 e
A,PER_KM2,RS11	: 	: 	: 	: 	: 	534.2 	535.2 	536.4 	: 	: 	: 	: 
A,PER_KM2,RS12	: 	: 	: 	: 	: 	88.3 	87.8 	87.4 	: 	: 	: 	: 
A,PER_KM2,RS21	: 	: 	: 	: 	: 	73.6 	73.0 	72.4 	: 	: 	: 	: 
A,PER_KM2,RS22	: 	: 	: 	: 	: 	58.4 	57.8 	57.2 	: 	: 	: 	: 
A,PER_KM2,SE11	323.2 	328.7 	334.1 	339.4 	344.9 b	350.8 	356.6 	361.8 	361.8 	365.5 	372.1 	375.1 
A,PER_KM2,SE12	41.2 	41.6 	42.0 	42.4 	43.0 b	43.6 	44.2 	44.7 	44.7 	45.1 	45.7 	45.9 
A,PER_KM2,SE21	24.6 	24.7 	24.8 	25.0 	25.4 b	25.7 	26.0 	26.2 	26.2 	26.3 	26.6 	26.6 
A,PER_KM2,SE22	101.5 	102.2 	103.2 	104.4 	105.9 b	107.5 	108.9 	110.1 	110.1 	111.0 	112.8 	113.4 
A,PER_KM2,SE23	65.0 	65.5 	66.1 	66.8 	67.7 b	68.6 	69.4 	70.1 	70.1 	70.7 	71.6 	72.1 
A,PER_KM2,SE31	13.0 	13.0 	13.1 	13.1 	13.3 b	13.4 	13.4 	13.5 	13.5 	13.5 	13.5 	13.5 
A,PER_KM2,SE32	5.2 	5.2 	5.2 	5.3 	5.3 b	5.3 	5.3 	5.3 	5.3 	5.3 	5.3 	5.3 
A,PER_KM2,SE33	3.3 	3.4 	3.4 	3.4 	3.4 b	3.4 	3.4 	3.4 	3.4 	3.4 	3.5 	3.5 
A,PER_KM2,SI03	89.0 	88.9 	88.7 	88.6 	88.5 b	88.4 	88.5 	89.0 	89.0 	89.4 	89.7 	90.0 
A,PER_KM2,SI04	122.8 	123.4 	123.9 	124.3 	124.6 b	124.9 	125.7 	126.9 	126.9 	128.0 	128.8 	129.4 
A,PER_KM2,SK01	296.9 	299.8 	302.9 	306.5 	315.5 b	319.8 	324.2 	328.8 	328.8 	333.2 	359.2 	361.5 
A,PER_KM2,SK02	122.6 	122.6 	122.4 	122.3 	123.4 b	123.3 	123.1 	123.0 	123.0 	122.7 	121.9 	121.6 
A,PER_KM2,SK03	83.0 	82.9 	82.8 	82.7 	83.0 b	82.9 	82.8 	82.7 	82.7 	82.5 	80.8 	80.6 
A,PER_KM2,SK04	102.4 	102.5 	102.7 	102.8 	103.4 b	103.6 	103.8 	103.9 	103.9 	104.0 	101.4 	101.4 
A,PER_KM2,TR10	2644.2 	2695.8 	2746.1 	2793.9 	2838.8 b	2874.7 	2900.1 	2947.3 	2947.3 	2985.3 	3059.2 	3041.4 
A,PER_KM2,TR21	84.7 	85.9 	87.4 	89.4 	91.3 b	93.4 	95.5 	97.1 	97.1 	98.4 	102.1 	104.0 
A,PER_KM2,TR22	68.0 	68.5 	69.5 	70.2 	71.8 b	72.6 	73.6 	74.4 	74.4 	74.7 	76.2 	77.0 
A,PER_KM2,TR31	331.8 	335.8 	340.2 	344.7 	358.1 b	362.8 	367.0 	370.7 	370.7 	373.9 	379.2 	381.5 
A,PER_KM2,TR32	86.2 	87.4 	89.0 	90.6 	93.9 b	95.2 	96.7 	98.2 	98.2 	99.2 	101.9 	103.1 
A,PER_KM2,TR33	66.0 	66.5 	66.9 	67.2 	67.5 b	68.1 	68.7 	69.3 	69.3 	69.7 	70.4 	70.8 
A,PER_KM2,TR41	128.1 	130.1 	132.3 	134.6 	137.2 b	139.6 	141.7 	144.2 	144.2 	146.4 	150.4 	151.9 
A,PER_KM2,TR42	165.8 	169.1 	172.7 	176.9 	182.5 b	187.2 	191.1 	195.0 	195.0 	198.7 	206.1 	209.5 
A,PER_KM2,TR51	201.0 	204.1 	207.9 	212.5 	214.1 b	217.6 	220.8 	224.7 	224.7 	227.9 	232.5 	233.6 
A,PER_KM2,TR52	47.8 	48.3 	48.9 	49.5 	49.7 b	50.2 	50.8 	51.4 	51.4 	51.9 	52.9 	53.4 
A,PER_KM2,TR61	76.3 	78.1 	80.0 	81.8 	84.1 b	85.4 	87.1 	89.5 	89.5 	91.1 	94.8 	96.0 
A,PER_KM2,TR62	129.0 	130.3 	131.8 	133.0 	136.6 b	138.0 	139.0 	140.2 	140.2 	141.8 	144.2 	145.1 
A,PER_KM2,TR63	129.9 	131.3 	132.9 	134.3 	137.1 b	139.0 	141.1 	143.1 	143.1 	145.0 	147.6 	143.7 
A,PER_KM2,TR71	48.0 	48.3 	48.4 	48.5 	48.5 b	49.2 	50.1 	50.9 	50.9 	51.0 	51.5 	52.2 
A,PER_KM2,TR72	39.4 	39.5 	39.7 	39.9 	40.3 b	40.6 	41.1 	41.5 	41.5 	41.6 	42.0 	42.2 
A,PER_KM2,TR81	107.4 	107.5 	107.5 	107.6 	108.6 b	109.2 	110.0 	110.4 	110.4 	109.7 	110.1 	110.8 
A,PER_KM2,TR82	28.1 	28.5 	28.8 	28.6 	28.8 b	29.0 	30.0 	30.5 	30.5 	29.9 	30.0 	30.6 
A,PER_KM2,TR83	72.4 	72.4 	72.4 	72.5 	72.7 b	73.4 	74.3 	75.1 	75.1 	75.1 	75.2 	75.5 
A,PER_KM2,TR90	71.9 	72.5 	72.8 	73.1 	74.7 b	75.6 	76.6 	77.5 	77.5 	76.9 	77.1 	77.7 
A,PER_KM2,TRA1	26.4 	26.2 	26.2 	26.2 	26.3 b	26.4 	26.5 	26.7 	26.7 	26.5 	26.5 	26.5 
A,PER_KM2,TRA2	38.5 	38.3 	38.0 	37.8 	38.0 b	37.7 	37.8 	37.8 	37.8 	37.7 	36.8 	36.6 
A,PER_KM2,TRB1	46.5 	46.7 	46.9 	47.2 	47.1 b	47.4 	48.1 	48.5 	48.5 	48.5 	48.8 	48.2 
A,PER_KM2,TRB2	49.7 	50.2 	50.6 	51.0 	52.4 b	52.5 	53.1 	53.7 	53.7 	54.0 	53.6 	53.6 
A,PER_KM2,TRC1	163.3 	166.5 	169.7 	172.8 	177.3 b	180.4 	183.0 	185.7 	185.7 	188.3 	192.7 	193.2 
A,PER_KM2,TRC2	98.2 	100.0 	101.9 	103.9 	105.4 b	107.5 	109.7 	111.9 	111.9 	113.8 	116.4 	117.9 
A,PER_KM2,TRC3	79.4 	80.5 	81.8 	82.9 	84.6 b	85.6 	87.6 	89.2 	89.2 	90.4 	92.6 	94.2 
A,PER_KM2,UKC1	390.2 	391.2 	392.3 	393.4 	394.8 b	396.1 	397.1 	: 	: 	: 	: 	: 
A,PER_KM2,UKC2	256.5 	257.4 	258.2 	259.0 	259.9 b	260.8 	261.6 	: 	: 	: 	: 	: 
A,PER_KM2,UKD1	73.8 	73.7 	73.7 	73.7 	73.7 b	73.7 	73.6 	: 	: 	: 	: 	: 
A,PER_KM2,UKD3	2116.3 	2127.5 	2141.0 	2158.9 	2177.6 b	2193.5 	2206.1 	: 	: 	: 	: 	: 
A,PER_KM2,UKD4	476.4 	477.4 	478.6 	480.3 	482.5 b	484.1 	485.5 	: 	: 	: 	: 	: 
A,PER_KM2,UKD6	400.3 	401.8 	403.5 	405.4 	407.3 b	409.1 	410.6 	: 	: 	: 	: 	: 
A,PER_KM2,UKD7	2087.5 	2092.9 	2100.4 	2111.6 	2123.6 b	2133.4 	2135.6 	: 	: 	: 	: 	: 
A,PER_KM2,UKE1	261.7 	262.2 	262.6 	263.2 	263.8 b	264.4 	265.2 	: 	: 	: 	: 	: 
A,PER_KM2,UKE2	96.6 	97.0 	97.3 	97.7 	98.2 b	98.6 	99.0 	: 	: 	: 	: 	: 
A,PER_KM2,UKE3	871.2 	875.8 	880.8 	886.6 	892.6 b	898.0 	902.8 	: 	: 	: 	: 	: 
A,PER_KM2,UKE4	1103.7 	1109.2 	1115.2 	1122.6 	1130.3 b	1137.0 	1142.4 	: 	: 	: 	: 	: 
A,PER_KM2,UKF1	443.7 	446.4 	449.1 	452.1 	455.5 b	458.5 	460.9 	: 	: 	: 	: 	: 
A,PER_KM2,UKF2	352.1 	355.0 	358.6 	362.8 	367.5 b	371.5 	374.6 	: 	: 	: 	: 	: 
A,PER_KM2,UKF3	121.5 	122.5 	123.5 	124.6 	125.8 b	126.7 	127.1 	: 	: 	: 	: 	: 
A,PER_KM2,UKG1	221.0 	222.0 	223.2 	224.5 	226.1 b	227.5 	228.7 	: 	: 	: 	: 	: 
A,PER_KM2,UKG2	254.5 	255.6 	256.6 	257.8 	259.4 b	260.7 	261.8 	: 	: 	: 	: 	: 
A,PER_KM2,UKG3	3062.7 	3086.4 	3113.3 	3145.8 	3181.1 b	3212.3 	3235.7 	: 	: 	: 	: 	: 
A,PER_KM2,UKH1	191.9 	193.1 	194.7 	196.3 	197.8 b	199.1 	200.1 	: 	: 	: 	: 	: 
A,PER_KM2,UKH2	609.5 	616.4 	623.9 	631.4 	637.4 b	643.0 	648.3 	: 	: 	: 	: 	: 
A,PER_KM2,UKH3	474.7 	478.8 	483.5 	488.0 	492.2 b	496.3 	500.0 	: 	: 	: 	: 	: 
A,PER_KM2,UKI3	10129.1 	10226.5 	10363.6 	10514.2 	10627.4 b	10719.0 	10844.6 	: 	: 	: 	: 	: 
A,PER_KM2,UKI4	10405.9 	10604.3 	10817.8 	11029.7 	11201.4 b	11357.1 	11509.1 	: 	: 	: 	: 	: 
A,PER_KM2,UKI5	4142.9 	4197.7 	4258.3 	4320.9 	4374.6 b	4425.5 	4473.1 	: 	: 	: 	: 	: 
A,PER_KM2,UKI6	3498.7 	3538.9 	3576.7 	3611.6 	3639.0 b	3668.4 	3698.1 	: 	: 	: 	: 	: 
A,PER_KM2,UKI7	4276.9 	4321.4 	4365.7 	4407.8 	4441.7 b	4475.4 	4509.4 	: 	: 	: 	: 	: 
A,PER_KM2,UKJ1	399.7 	403.2 	407.0 	410.7 	414.1 b	417.0 	419.8 	: 	: 	: 	: 	: 
A,PER_KM2,UKJ2	508.2 	512.6 	517.1 	521.7 	525.7 b	529.4 	532.7 	: 	: 	: 	: 	: 
A,PER_KM2,UKJ3	461.4 	464.2 	467.3 	470.8 	474.2 b	477.1 	479.4 	: 	: 	: 	: 	: 
A,PER_KM2,UKJ4	467.9 	472.4 	476.9 	481.6 	486.2 b	490.6 	494.2 	: 	: 	: 	: 	: 
A,PER_KM2,UKK1	317.8 	320.7 	323.8 	327.1 	330.1 b	333.0 	335.7 	: 	: 	: 	: 	: 
A,PER_KM2,UKK2	210.5 	211.7 	213.0 	214.5 	216.0 b	217.3 	218.4 	: 	: 	: 	: 	: 
A,PER_KM2,UKK3	151.6 	152.8 	153.9 	155.1 	156.6 b	157.9 	159.1 	: 	: 	: 	: 	: 
A,PER_KM2,UKK4	170.3 	171.4 	172.7 	174.0 	175.3 b	176.6 	177.7 	: 	: 	: 	: 	: 
A,PER_KM2,UKL1	147.9 	148.3 	148.6 	149.0 	149.4 b	149.8 	150.0 	: 	: 	: 	: 	: 
A,PER_KM2,UKL2	148.7 	149.4 	150.0 	150.6 	151.3 b	152.1 	152.7 	: 	: 	: 	: 	: 
A,PER_KM2,UKM5	73.9 	74.6 	75.3 	75.6 	75.7 b	75.9 	76.2 	: 	: 	: 	: 	: 
A,PER_KM2,UKM6	11.5 	11.6 	11.6 	11.6 	11.6 b	11.6 	11.7 	: 	: 	: 	: 	: 
A,PER_KM2,UKM7	145.2 	145.9 	146.8 	147.8 	149.0 b	150.0 	150.8 	: 	: 	: 	: 	: 
A,PER_KM2,UKM8	778.5 	779.7 	782.1 	786.4 	793.1 b	797.2 	800.0 	: 	: 	: 	: 	: 
A,PER_KM2,UKM9	59.6 	59.6 	59.5 	59.6 	59.7 b	59.7 	59.7 	: 	: 	: 	: 	: 
A,PER_KM2,UKN0	134.4 	135.0 	135.7 	136.5 	137.3 b	138.0 	138.7 	: 	: 	: 	: 	: 
