geo,NUTS_NAME,year,pop,gdp_capita,employment_rate,area_km2,pop_dens
AT11,Burgenland,2020,294436.0,29700.0,75.4,3965.37981661705,74.25165144739896
AT11,Burgenland,2055,350592.86269343976,42073.10185412866,75.4,3965.37981661705,88.41343803291409
AT11,Burgenland,2085,407178.5797946763,56708.1846987782,75.4,3965.37981661705,102.68337426048862
AT12,Niederösterreich,2020,1684287.0,35100.0,77.6,19196.45485772503,87.73948171592787
AT12,Niederösterreich,2055,2005525.8220032388,49722.75673669751,77.6,19196.45485772503,104.47376022641888
AT12,Niederösterreich,2085,2329217.8559233104,67018.76373491969,77.6,19196.45485772503,121.33583378735096
AT13,Wien,2020,1911191.0,50000.0,68.4,414.0601831024673,4615.732393488891
AT13,Wien,2055,2275706.5163361067,70830.13780156341,68.4,414.0601831024673,5496.076679686292
AT13,Wien,2085,2643005.7367182244,95468.32440871751,68.4,414.0601831024673,6383.143911386816
AT21,Kärnten,2020,561293.0,37700.0,73.1,9543.15797606618,58.816274592508904
AT21,Kärnten,2055,668346.6684773224,53405.92390237881,73.1,9543.15797606618,70.03411974877775
AT21,Kärnten,2085,776217.876172388,71983.116604173,73.1,9543.15797606618,81.3376324817328
AT22,Steiermark,2020,1246395.0,39300.0,76.5,16413.667048137533,75.93641301146224
AT22,Steiermark,2055,1484116.042524657,55672.488312028836,76.5,16413.667048137533,90.41952893110869
AT22,Steiermark,2085,1723652.4948144436,75038.10298525196,76.5,16413.667048137533,105.01324839594741
AT31,Oberösterreich,2020,1490279.0,44500.0,79.0,11984.443388444672,124.35112351041
AT31,Oberösterreich,2055,1774515.2794560338,63038.82264339143,79.0,11984.443388444672,148.06822661175994
AT31,Oberösterreich,2085,2060922.1926592886,84966.80872375859,79.0,11984.443388444672,171.96645066106427
AT32,Salzburg,2020,558410.0,50200.0,79.1,7155.910030661977,78.03479887356029
AT32,Salzburg,2055,664913.8028523813,71113.45835276967,79.1,7155.910030661977,92.91813340348433
AT32,Salzburg,2085,772230.9457510127,95850.19770635238,79.1,7155.910030661977,107.91512783728716
AT33,Tirol,2020,757634.0,44000.0,78.0,12651.059478808633,59.88700007845884
AT33,Tirol,2055,902135.1768597643,62330.5212653758,78.0,12651.059478808633,71.30906137710448
AT33,Tirol,2085,1047739.8691877343,84012.1254796714,78.0,12651.059478808633,82.81834979455819
AT34,Vorarlberg,2020,397139.0,45700.0,79.5,2619.0236403088584,151.63627921784084
AT34,Vorarlberg,2055,472884.0865152698,64738.74595062895,79.5,2619.0236403088584,180.5573952205728
AT34,Vorarlberg,2085,549207.6172787225,87258.0485095678,79.5,2619.0236403088584,209.69937377654028
BE10,Région de Bruxelles-Capitale/ Brussels Hoofdstedelijk Gewest,2020,1223364.0,68800.0,61.3,161.77489479944217,7562.137509139759
BE10,Région de Bruxelles-Capitale/ Brussels Hoofdstedelijk Gewest,2055,1456692.4115125097,97462.26961495125,61.3,161.77489479944217,9004.440480820098
BE10,Région de Bruxelles-Capitale/ Brussels Hoofdstedelijk Gewest,2085,1691802.6874836443,131364.41438639528,61.3,161.77489479944217,10457.757920850634
BE21,Prov. Antwerpen,2020,1873095.0,47600.0,72.9,2871.816663467503,652.2334882402898
BE21,Prov. Antwerpen,2055,2230344.584720512,67430.29118708837,72.9,2871.816663467503,776.6319532485539
BE21,Prov. Antwerpen,2085,2590322.3855795795,90885.84483709907,72.9,2871.816663467503,901.9804148820418
BE22,Prov. Limburg (BE),2020,880602.0,32200.0,71.9,2426.5709583445337,362.8997524147278
BE22,Prov. Limburg (BE),2055,1048556.4811149739,45614.60874420684,71.9,2426.5709583445337,432.11449370939675
BE22,Prov. Limburg (BE),2085,1217793.5840873788,61481.60091921408,71.9,2426.5709583445337,501.85780881437216
BE23,Prov. Oost-Vlaanderen,2020,1526486.0,36900.0,77.1,3007.612707084256,507.54074698662214
BE23,Prov. Oost-Vlaanderen,2055,1817627.9279757168,52272.641697553794,77.1,3007.612707084256,604.3424153962378
BE23,Prov. Oost-Vlaanderen,2085,2110993.2262238865,70455.62341363353,77.1,3007.612707084256,701.8833313383619
BE24,Prov. Vlaams-Brabant,2020,1156470.0,42600.0,75.0,2119.5452605787805,545.6217526981258
BE24,Prov. Vlaams-Brabant,2055,1377039.9269079946,60347.27740693202,75.0,2119.5452605787805,649.6864929093181
BE24,Prov. Vlaams-Brabant,2085,1599294.2852611407,81339.01239622732,75.0,2119.5452605787805,754.545946720866
BE25,Prov. West-Vlaanderen,2020,1202352.0,39000.0,76.5,3170.666620843881,379.2111072465862
BE25,Prov. West-Vlaanderen,2055,1431672.8580920224,55247.50748521946,76.5,3170.666620843881,451.5368625260826
BE25,Prov. West-Vlaanderen,2085,1662744.9760670862,74465.29303879966,76.5,3170.666620843881,524.414949568095
BE31,Prov. Brabant wallon,2020,406794.0,54500.0,70.4,1097.3014493424164,370.72219328952934
BE31,Prov. Brabant wallon,2055,484380.5546418072,77204.85020370412,70.4,1097.3014493424164,441.42888440736465
BE31,Prov. Brabant wallon,2085,562559.6163138867,104060.47360550209,70.4,1097.3014493424164,512.6755429431117
BE32,Prov. Hainaut,2020,1350295.0,24900.0,60.2,3812.7807285775134,354.14966034613093
BE32,Prov. Hainaut,2055,1607832.5664342616,35273.40862517858,60.2,3812.7807285775134,421.6955237900916
BE32,Prov. Hainaut,2085,1867336.8759385822,47543.22555554132,60.2,3812.7807285775134,489.75721628640713
BE33,Prov. Liège,2020,1113943.0,29000.0,64.7,3853.5959233910007,289.0658548911318
BE33,Prov. Liège,2055,1326401.8844411634,41081.47992490678,64.7,3853.5959233910007,344.1984865071131
BE33,Prov. Liège,2085,1540483.258542505,55371.628157056155,64.7,3853.5959233910007,399.7521507618124
BE34,Prov. Luxembourg (BE),2020,289606.0,24700.0,71.5,4461.892921112858,64.90653297160888
BE34,Prov. Luxembourg (BE),2055,344841.65181294514,34990.08807397232,71.5,4461.892921112858,77.28595417008279
BE34,Prov. Luxembourg (BE),2085,400499.1230013212,47161.35225790645,71.5,4461.892921112858,89.75991357977976
BE35,Prov. Namur,2020,499433.0,26900.0,67.7,3677.49771183602,135.8078343305492
BE35,Prov. Namur,2055,594688.3030389379,38106.614137241115,67.7,3677.49771183602,161.71004026051045
BE35,Prov. Namur,2085,690671.0444463127,51361.95853189002,67.7,3677.49771183602,187.81005416356595
BG31,Северозападен,2020,704576.0,6000.0,63.6,19061.15133596403,36.963979120748405
BG31,Северозападен,2055,838957.5895104302,8499.616536187608,63.6,19061.15133596403,44.01400391420791
BG31,Северозападен,2085,974365.41400309,11456.1989290461,63.6,19061.15133596403,51.11786779451698
BG32,Северен централен,2020,714075.0,6500.0,73.8,14818.292594844605,48.1887501835692
BG32,Северен централен,2055,850268.3042420696,9207.917914203243,73.8,14818.292594844605,57.37964065697315
BG32,Северен централен,2085,987501.6790300217,12410.882173133276,73.8,14818.292594844605,66.64071941551356
BG33,Североизточен,2020,835432.0,7500.0,72.1,14648.020255674472,57.03378241004025
BG33,Североизточен,2055,994771.3474768907,10624.520670234511,72.1,14648.020255674472,67.91165837523523
BG33,Североизточен,2085,1155327.525421572,14320.248661307627,72.1,14648.020255674472,78.87260566655836
BG34,Югоизточен,2020,963654.0,6700.0,72.6,19799.97997849993,48.66944315329593
BG34,Югоизточен,2055,1147448.7308141126,9491.238465409497,72.6,19799.97997849993,57.95201470203934
BG34,Югоизточен,2085,1332647.0510856654,12792.755470768147,72.6,19799.97997849993,67.30547467890057
BG41,Югозападен,2020,2034417.0,15500.0,78.5,20300.065778490003,100.21726147092947
BG41,Югозападен,2055,2422435.028129032,21957.342718484655,78.5,20300.065778490003,119.3313881128331
BG41,Югозападен,2085,2813416.242477638,29595.180566702427,78.5,20300.065778490003,138.5914840462606
BG42,Южен централен,2020,1317121.0,6900.0,72.0,22369.691649136937,58.87971191819342
BG42,Южен централен,2055,1568331.3925730756,9774.55901661575,72.0,22369.691649136937,70.10965627832356
BG42,Южен централен,2085,1821460.2093417374,13174.628768403016,72.0,22369.691649136937,81.42536061340893
CY00,Κύπρος,2020,902429.0,25100.0,75.2,9258.638861058718,97.46886270675947
CY00,Κύπρος,2055,1074546.476951114,35556.72917638483,75.2,9258.638861058718,116.05879579887193
CY00,Κύπρος,2085,1247978.3674059215,47925.09885317619,75.2,9258.638861058718,134.79069506154343
CZ01,Praha,2020,1324277.0,46300.0,82.1,496.611037413875,2666.6282064454986
CZ01,Praha,2055,1576852.2342005745,65588.70760424771,82.1,496.611037413875,3175.2259120379313
CZ01,Praha,2085,1831356.3155142525,88403.66840247241,82.1,496.611037413875,3687.7076374522912
CZ02,Střední Čechy,2020,1385141.0,19000.0,82.3,10931.366681342426,126.71251824020761
CZ02,Střední Čechy,2055,1649324.635656149,26915.452364594094,82.3,10931.366681342426,150.88000281531163
CZ02,Střední Čechy,2085,1915525.7685723812,36277.96327531265,82.3,10931.366681342426,175.23204777695236
CZ03,Jihozápad,2020,1233982.0,17800.0,80.0,17709.34749957337,69.67969881610418
CZ03,Jihozápad,2055,1469335.5496344748,25215.529057356573,80.0,17709.34749957337,82.9694910933264
CZ03,Jihozápad,2085,1706486.429146552,33986.723489503434,80.0,17709.34749957337,96.36077383357362
CZ04,Severozápad,2020,1115629.0,14200.0,77.2,8650.083392689476,128.97320746559066
CZ04,Severozápad,2055,1328409.44997833,20115.75913564401,77.2,8650.083392689476,153.57186626674846
CZ04,Severozápad,2085,1542814.845323788,27113.004132075774,77.2,8650.083392689476,178.35837821259403
CZ05,Severovýchod,2020,1517999.0,17500.0,79.8,12439.814073431986,122.02746689293592
CZ05,Severovýchod,2055,1807522.2288571333,24790.548230547192,79.8,12439.814073431986,145.30138619334372
CZ05,Severovýchod,2085,2099256.466429848,33413.91354305113,79.8,12439.814073431986,168.75304196975753
CZ06,Jihovýchod,2020,1701802.0,19600.0,80.1,13982.210671457718,121.71194097897097
CZ06,Jihovýchod,2055,2026381.4034880965,27765.414018212858,80.1,13982.210671457718,144.9256810029766
CZ06,Jihovýchod,2085,2353439.529988655,37423.583168217265,80.1,13982.210671457718,168.31669793052092
CZ07,Střední Morava,2020,1214570.0,17000.0,78.3,9233.472075744045,131.53990070437598
CZ07,Střední Morava,2055,1446221.159238582,24082.24685253156,78.3,9233.472075744045,156.628096925505
CZ07,Střední Morava,2085,1679641.374224687,32459.230298963954,78.3,9233.472075744045,181.9078847530212
CZ08,Moravskoslezsko,2020,1200539.0,16000.0,76.9,5429.66578839166,221.10734744792015
CZ08,Moravskoslezsko,2055,1429514.0702397788,22665.64409650029,76.9,5429.66578839166,263.2784642649654
CZ08,Moravskoslezsko,2085,1660237.759676537,30549.863810789604,76.9,5429.66578839166,305.7716302218892
DE11,Stuttgart,2020,4154223.0,52200.0,81.6,10554.231253467991,393.6073504770869
DE11,Stuttgart,2055,4946545.034700001,73946.6638648322,81.6,10554.231253467991,468.6788564609693
DE11,Stuttgart,2085,5744917.813346124,99668.93068270107,81.6,10554.231253467991,544.323662745064
DE12,Karlsruhe,2020,2810854.0,44900.0,80.5,6920.519458618004,406.16228547695096
DE12,Karlsruhe,2055,3346959.4427084527,63605.46374580394,80.5,6920.519458618004,483.62835517217445
DE12,Karlsruhe,2085,3887158.974208945,85730.55531902832,80.5,6920.519458618004,561.6860117875013
DE13,Freiburg,2020,2271351.0,39500.0,82.2,9400.154205716546,241.62912121364093
DE13,Freiburg,2055,2704558.713172327,55955.80886323509,82.2,9400.154205716546,287.71429212593074
DE13,Freiburg,2085,3141074.7136736596,75419.97628288683,82.2,9400.154205716546,334.1514027252306
DE14,Tübingen,2020,1863966.0,45100.0,82.1,9135.8555633252,204.02752507194495
DE14,Tübingen,2055,2219474.43893831,63888.78429701019,82.1,9135.8555633252,242.94106047912192
DE14,Tübingen,2085,2577697.7973670457,86112.4286166632,82.1,9135.8555633252,282.1517677791345
DE21,Oberbayern,2020,4710865.0,60200.0,82.9,17531.967649275168,268.70144265836376
DE21,Oberbayern,2055,5609353.632410205,85279.48591308235,82.9,17531.967649275168,319.95003325494474
DE21,Oberbayern,2085,6514703.773670501,114943.86258809589,82.9,17531.967649275168,371.5899951446603
DE22,Niederbayern,2020,1244169.0,40500.0,82.1,10325.437117672893,120.49552825908894
DE22,Niederbayern,2055,1481465.4844666899,57372.411619266364,82.1,10325.437117672893,143.47726566762307
DE22,Niederbayern,2085,1720574.1364662016,77329.34277106119,82.1,10325.437117672893,166.63450823997445
DE23,Oberpfalz,2020,1112102.0,43900.0,82.4,9687.974678496686,114.79200110508219
DE23,Oberpfalz,2055,1324209.7562359895,62188.86098977267,82.4,9687.974678496686,136.68592251538288
DE23,Oberpfalz,2085,1537937.3206632987,83821.18883085398,82.4,9687.974678496686,158.74704173999197
DE24,Oberfranken,2020,1065371.0,39300.0,84.5,7231.199439611886,147.32977687822986
DE24,Oberfranken,2055,1268565.8979220362,55672.488312028836,84.5,7231.199439611886,175.42952708135
DE24,Oberfranken,2085,1473312.539004857,75038.10298525196,84.5,7231.199439611886,203.74386729457052
DE25,Mittelfranken,2020,1775169.0,46400.0,79.5,7246.178007504097,244.98004301876742
DE25,Mittelfranken,2055,2113741.4632539866,65730.36787985085,79.5,7246.178007504097,291.7043248268272
DE25,Mittelfranken,2085,2454899.5106425015,88594.60505128985,79.5,7246.178007504097,338.7854270348069
DE26,Unterfranken,2020,1317619.0,41400.0,80.7,8529.419659494011,154.47932598009427
DE26,Unterfranken,2055,1568924.3745644807,58647.3540996945,80.7,8529.419659494011,183.94268745097173
DE26,Unterfranken,2085,1822148.8986757107,79047.77261041809,80.7,8529.419659494011,213.63105245355058
DE27,Schwaben,2020,1899442.0,40700.0,83.2,10031.008348530188,189.3570351058794
DE27,Schwaben,2055,2261716.666101131,57655.73217047261,83.2,10031.008348530188,225.47251358160153
DE27,Schwaben,2085,2626757.9234956303,77711.21606869606,83.2,10031.008348530188,261.86379596429316
DE30,Berlin,2020,3669491.0,43400.0,76.6,893.0946943041475,4108.73675927397
DE30,Berlin,2055,4369361.607676416,61480.55961175704,76.6,893.0946943041475,4892.383344725604
DE30,Berlin,2085,5074576.933355114,82866.5055867668,76.6,893.0946943041475,5682.014422120107
DE40,Brandenburg,2020,2521893.0,29900.0,80.6,29651.085706729056,85.052298757063
DE40,Brandenburg,2055,3002885.8097397974,42356.42240533492,80.6,29651.085706729056,101.27405921795027
DE40,Brandenburg,2085,3487551.828357047,57090.05799641307,80.6,29651.085706729056,117.61970077087523
DE50,Bremen,2020,681202.0,47900.0,74.6,402.7324248755165,1691.4505957908846
DE50,Bremen,2055,811125.5391748855,67855.27201389775,74.6,402.7324248755165,2014.0557081431978
DE50,Bremen,2085,942041.268436241,91458.65478355138,74.6,402.7324248755165,2339.1244663933467
DE60,Hamburg,2020,1847253.0,66300.0,78.9,743.3690007035451,2484.9744854193655
DE60,Hamburg,2055,2199573.82041953,93920.76272487309,78.9,743.3690007035451,2958.9259416760615
DE60,Hamburg,2085,2554585.2173696663,126590.99816595942,78.9,743.3690007035451,3436.496833943756
DE71,Darmstadt,2020,4019961.0,52400.0,78.4,7443.870933469331,540.0363649408997
DE71,Darmstadt,2055,4786675.660944935,74229.98441603845,78.4,7443.870933469331,643.035821513637
DE71,Darmstadt,2085,5559245.509414564,100050.80398033594,78.4,7443.870933469331,746.8218564106123
DE72,Gießen,2020,1048646.0,35900.0,73.8,5381.633384123084,194.85645437939334
DE72,Gießen,2055,1248650.9906805719,50856.03894152253,73.8,5381.633384123084,232.0208199920022
DE72,Gießen,2085,1450183.3640837672,68546.25692545917,73.8,5381.633384123084,269.46899957215663
DE73,Kassel,2020,1219473.0,36900.0,79.8,8290.55920383228,147.0917666731459
DE73,Kassel,2055,1452059.2931820739,52272.641697553794,79.8,8290.55920383228,175.14612192997367
DE73,Kassel,2085,1686421.7834706125,70455.62341363353,79.8,8290.55920383228,203.41472052826913
DE80,Mecklenburg-Vorpommern,2020,1608138.0,29300.0,78.6,23086.281421102256,69.65773182207096
DE80,Mecklenburg-Vorpommern,2055,1914853.1600283352,41506.46075171616,78.6,23086.281421102256,82.9433344028304
DE80,Mecklenburg-Vorpommern,2085,2223910.618789316,55944.43810350846,78.6,23086.281421102256,96.33039545106331
DE91,Braunschweig,2020,1594929.0,48200.0,76.2,8121.76789659782,196.37707212343634
DE91,Braunschweig,2055,1899124.848533417,68280.25284070712,76.2,8121.76789659782,233.83146042981033
DE91,Braunschweig,2085,2205643.756515315,92031.46473000367,76.2,8121.76789659782,271.57187752672064
DE92,Hannover,2020,2148238.0,39400.0,78.3,9064.241591111107,237.00140584367037
DE92,Hannover,2055,2557964.7535180133,55814.148587631964,78.3,9064.241591111107,282.203946993921
DE92,Hannover,2085,2970820.476779184,75229.0396340694,78.3,9064.241591111107,327.7516874321326
DE93,Lüneburg,2020,1716448.0,29800.0,78.6,15477.151704728816,110.90205954856438
DE93,Lüneburg,2055,2043820.7895244784,42214.76212973179,78.6,15477.151704728816,132.0540645020633
DE93,Lüneburg,2085,2373693.634376953,56899.12134759563,78.6,15477.151704728816,153.36760145936321
DE94,Weser-Ems,2020,2533993.0,37000.0,79.2,14992.587060850608,169.01639388287356
DE94,Weser-Ems,2055,3017293.605113293,52414.30197315692,79.2,14992.587060850608,201.25236510996828
DE94,Weser-Ems,2085,3504285.0430981643,70646.56006245095,79.2,14992.587060850608,233.73451352160083
DEA1,Düsseldorf,2020,5207457.0,42300.0,75.0,5292.1158195005055,984.0028407563279
DEA1,Düsseldorf,2055,6200659.080353597,59922.296580122646,75.0,5292.1158195005055,1171.6786426905608
DEA1,Düsseldorf,2085,7201445.969928424,80766.20244977501,75.0,5292.1158195005055,1360.7876727475193
DEA2,Köln,2020,4478847.0,43100.0,76.5,7366.1719240106195,608.0291155574097
DEA2,Köln,2055,5333083.560759977,61055.578784947655,76.5,7366.1719240106195,723.9966180230426
DEA2,Köln,2085,6193843.689554424,82293.69564031449,76.5,7366.1719240106195,840.849732187909
DEA3,Münster,2020,2624625.0,35300.0,78.1,6918.396446234345,379.36897956007897
DEA3,Münster,2055,3125211.564641448,50006.07728790377,78.1,6918.396446234345,451.72484533500364
DEA3,Münster,2085,3629620.9702400593,67400.63703255456,78.1,6918.396446234345,524.6332728179588
DEA4,Detmold,2020,2055724.0,40200.0,79.5,6524.957961484401,315.0555163932936
DEA4,Detmold,2055,2447805.845982179,56947.43079245698,79.5,6524.957961484401,375.1450753293916
DEA4,Detmold,2085,2842881.9124354054,76756.53282460888,79.5,6524.957961484401,435.69352158533474
DEA5,Arnsberg,2020,3580568.0,35700.0,75.3,8014.714600316381,446.74928285764
DEA5,Arnsberg,2055,4263478.600403906,50572.71839031627,75.3,8014.714600316381,531.9563843528009
DEA5,Arnsberg,2085,4951604.399931612,68164.3836278243,75.3,8014.714600316381,617.8141888840494
DEB1,Koblenz,2020,1498223.0,34800.0,78.3,8073.0900772975165,185.582346493715
DEB1,Koblenz,2055,1783974.4138731454,49297.77590988813,78.3,8073.0900772975165,220.97789034831808
DEB1,Koblenz,2085,2071908.0321554404,66445.95378846739,78.3,8073.0900772975165,256.6437401685744
DEB2,Trier,2020,533113.0,31400.0,78.9,4928.460456506854,108.17029064241588
DEB2,Trier,2055,634791.9847066519,44481.32653938182,78.9,4928.460456506854,128.80127380723138
DEB2,Trier,2085,737247.4636596043,59954.10772867459,78.9,4928.460456506854,149.58981007674421
DEB3,Rheinhessen-Pfalz,2020,2062567.0,37600.0,79.0,6850.663118215476,301.0755257422841
DEB3,Rheinhessen-Pfalz,2055,2455953.9900929914,53264.26362677568,79.0,6850.663118215476,358.49872453409165
DEB3,Rheinhessen-Pfalz,2085,2852345.1676811464,71792.17995535556,79.0,6850.663118215476,416.3604483917685
DEC0,Saarland,2020,986887.0,35700.0,77.1,2572.309597842388,383.65793947500913
DEC0,Saarland,2055,1175112.888658115,50572.71839031627,77.1,2572.309597842388,456.8318252374367
DEC0,Saarland,2085,1364776.2062989194,68164.3836278243,77.1,2572.309597842388,530.5645196999893
DED2,Dresden,2020,1596566.0,32600.0,82.4,7946.057285564055,200.92555875484945
DED2,Dresden,2055,1901074.0684529555,46181.24984661934,82.4,7946.057285564055,239.24746577232946
DED2,Dresden,2085,2207907.5806914475,62245.347514483816,82.4,7946.057285564055,277.8620265804839
DED4,Chemnitz,2020,1426380.0,29400.0,82.5,6525.355184873166,218.59039999946376
DED4,Chemnitz,2055,1698429.0218881816,41648.121027319285,82.5,6525.355184873166,260.28146725643626
DED4,Chemnitz,2085,1972555.6068127889,56135.37475232589,82.5,6525.355184873166,302.29091764774637
DED5,Leipzig,2020,1049025.0,34200.0,80.1,3977.838163710433,263.7173652689516
DED5,Leipzig,2055,1249102.2761720228,48447.81425626937,80.1,3977.838163710433,314.01535828367884
DED5,Leipzig,2085,1450707.4870909476,65300.33389556278,80.1,3977.838163710433,364.6974631410751
DEE0,Sachsen-Anhalt,2020,2194782.0,29500.0,79.4,20554.96714838457,106.77623487092215
DEE0,Sachsen-Anhalt,2055,2613385.945903467,41789.78130292241,79.4,20554.96714838457,127.14133411343617
DEE0,Sachsen-Anhalt,2085,3035186.6542098084,56326.31140114333,79.4,20554.96714838457,147.66195597876916
DEF0,Schleswig-Holstein,2020,2903773.0,34600.0,79.9,15617.898058276887,185.9259798703265
DEF0,Schleswig-Holstein,2055,3457600.5946348873,49014.45535868188,79.9,15617.898058276887,221.3870638502786
DEF0,Schleswig-Holstein,2085,4015657.617227942,66064.08049083252,79.9,15617.898058276887,257.1189543076699
DK01,Hovedstaden,2020,1846023.0,68900.0,79.8,2577.2695877668266,716.2708196155595
DK01,Hovedstaden,2055,2198109.226344373,97603.92989055438,79.8,2577.2695877668266,852.8829257047217
DK01,Hovedstaden,2085,2552884.237689371,131555.35103521272,79.8,2577.2695877668266,990.5383006134857
DK02,Sjælland,2020,837359.0,37600.0,76.6,7328.6997026118115,114.25751278928524
DK02,Sjælland,2055,997065.8781946367,53264.26362677568,76.6,7328.6997026118115,136.04949290517402
DK02,Sjælland,2085,1157992.393587368,71792.17995535556,76.6,7328.6997026118115,158.00789233793836
DK03,Syddanmark,2020,1223105.0,47800.0,76.7,12168.861993809804,100.51104208611973
DK03,Syddanmark,2055,1456384.0132479034,67713.61173829462,76.7,12168.861993809804,119.68120059121006
DK03,Syddanmark,2085,1691444.513713566,91267.71813473394,76.7,12168.861993809804,138.99775628764542
DK04,Midtjylland,2020,1326340.0,50100.0,78.0,13175.419223028826,100.6677645354722
DK04,Midtjylland,2055,1579308.703775411,70971.79807716653,78.0,13175.419223028826,119.86781422597893
DK04,Midtjylland,2085,1834209.2594820976,95659.26105753494,78.0,13175.419223028826,139.2144893785354
DK05,Nordjylland,2020,589936.0,44900.0,74.9,7946.804481541923,74.2356253221338
DK05,Nordjylland,2055,702452.6587982349,63605.46374580394,74.9,7946.804481541923,88.3943552946124
DK05,Nordjylland,2085,815828.5761583234,85730.55531902832,74.9,7946.804481541923,102.66121156664316
EE00,Eesti,2020,1328976.0,21000.0,78.2,45341.371091109606,29.3104502139897
EE00,Eesti,2055,1582447.4598584305,29748.65787665663,78.2,45341.371091109606,34.9007412386943
EE00,Eesti,2085,1837854.6110571045,40096.69625166136,78.2,45341.371091109606,40.53372376772844
EL30,Aττική,2020,3738901.0,21800.0,63.3,3817.113331702259,979.5100839546255
EL30,Aττική,2055,4452009.961137105,30881.940081481647,63.3,3817.113331702259,1166.3289963548739
EL30,Aττική,2085,5170564.737915522,41624.18944220083,63.3,3817.113331702259,1354.5745930497917
EL41,Βόρειο Αιγαίο,2020,229516.0,9900.0,65.2,3849.7036652091297,59.61913434382017
EL41,Βόρειο Αιγαίο,2055,273290.8729705183,14024.367284709555,65.2,3849.7036652091297,70.9901064438611
EL41,Βόρειο Αιγαίο,2085,317400.0425225003,18902.728232926067,65.2,3849.7036652091297,82.44791550864942
EL42,Νότιο Αιγαίο,2020,347512.0,14300.0,58.7,5296.0317173022695,65.61743179608791
EL42,Νότιο Αιγαίο,2055,413791.88312680053,20257.419411247134,58.7,5296.0317173022695,78.13244051672349
EL42,Νότιο Αιγαίο,2085,480577.92736488587,27303.94078089321,58.7,5296.0317173022695,90.74302289293806
EL43,Κρήτη,2020,636504.0,12500.0,61.9,8350.561159758307,76.22290141018769
EL43,Κρήτη,2055,757902.4286290576,17707.534450390853,61.9,8350.561159758307,90.76065837125057
EL43,Κρήτη,2085,880227.9434363686,23867.081102179378,61.9,8350.561159758307,105.40943615600624
EL51,"Aνατολική Μακεδονία, Θράκη",2020,598613.0,10500.0,59.4,14190.118903818198,42.1851997194279
EL51,"Aνατολική Μακεδονία, Θράκη",2055,712784.5960259889,14874.328938328315,59.4,14190.118903818198,50.231051681617465
EL51,"Aνατολική Μακεδονία, Θράκη",2085,827828.0889111065,20048.34812583068,59.4,14190.118903818198,58.33834758695074
EL52,Κεντρική Μακεδονία,2020,1872102.0,12500.0,58.9,18842.842780516323,99.3534798228944
EL52,Κεντρική Μακεδονία,2055,2229162.192918373,17707.534450390853,58.9,18842.842780516323,118.30286007710829
EL52,Κεντρική Μακεδονία,2085,2588949.1556425607,23867.081102179378,58.9,18842.842780516323,137.39695150030963
EL53,Δυτική Μακεδονία,2020,264670.0,13400.0,56.4,9461.854943880702,27.972316376628765
EL53,Δυτική Μακεδονία,2055,315149.68607464,18982.476930818993,56.4,9461.854943880702,33.30738929563255
EL53,Δυτική Μακεδονία,2085,366014.87153152796,25585.510941536293,56.4,9461.854943880702,38.683204688975074
EL54,Ήπειρος,2020,333265.0,10400.0,58.0,9149.352527596604,36.424981876563855
EL54,Ήπειρος,2055,396827.597119677,14732.66866272519,58.0,9149.352527596604,43.3722054017212
EL54,Ήπειρος,2085,460875.60418995225,19857.41147701324,58.0,9149.352527596604,50.37248294891281
EL61,Θεσσαλία,2020,715115.0,12200.0,60.4,14051.832115291752,50.89122856953179
EL61,Θεσσαλία,2055,851506.6602080561,17282.553623581472,60.4,14051.832115291752,60.59755434178674
EL61,Θεσσαλία,2085,988939.9057515722,23294.27115572707,60.4,14051.832115291752,70.37800463580612
EL62,Ιόνια Νησιά,2020,203149.0,12700.0,60.1,2295.377075581351,88.50354138373903
EL62,Ιόνια Νησιά,2055,241894.97705209145,17990.855001597105,60.1,2295.377075581351,105.38354661873
EL62,Ιόνια Νησιά,2085,280936.8464002659,24248.954399814247,60.1,2295.377075581351,122.39245977879817
EL63,Δυτική Ελλάδα,2020,651065.0,11400.0,55.3,11316.245510854687,57.533658082576075
EL63,Δυτική Ελλάδα,2055,775240.6028797579,16149.271418756458,55.3,11316.245510854687,68.50687378036622
EL63,Δυτική Ελλάδα,2085,900364.5004483857,21766.777965187594,55.3,11316.245510854687,79.56388888741806
EL64,Στερεά Ελλάδα,2020,556002.0,14600.0,59.8,15564.422386930126,35.722623440680344
EL64,Στερεά Ελλάδα,2055,662046.5325003664,20682.400238056514,59.8,15564.422386930126,42.535888325435394
EL64,Στερεά Ελλάδα,2085,768900.8977264995,27876.750727345512,59.8,15564.422386930126,49.401184227187684
EL65,Πελοπόννησος,2020,572151.0,13500.0,68.3,15510.278930764349,36.888504878216544
EL65,Πελοπόννησος,2055,681275.5810529768,19124.13720642212,68.3,15510.278930764349,43.924134704094804
EL65,Πελοπόννησος,2085,791233.5163094995,25776.447590353728,68.3,15510.278930764349,51.01349368644187
ES11,Galicia,2020,2702605.0,21900.0,66.8,29572.787516764605,91.38823989682786
ES11,Galicia,2055,3218064.4475526223,31023.60035708477,66.8,29572.787516764605,108.81843470887972
ES11,Galicia,2085,3737460.3161501684,41815.12609101827,66.8,29572.787516764605,126.38173909143426
ES12,Principado de Asturias,2020,1018053.0,21100.0,62.7,10603.913756948385,96.00728781228577
ES12,Principado de Asturias,2055,1212223.082923435,29890.31815225976,62.7,10603.913756948385,114.31845926973013
ES12,Principado de Asturias,2085,1407875.9889949244,40287.63290047879,62.7,10603.913756948385,132.76946807233236
ES13,Cantabria,2020,583011.0,22300.0,66.4,5323.466882929612,109.51716481406139
ES13,Cantabria,2055,694206.8750824119,31590.24145949728,66.4,5323.466882929612,130.40503310135662
ES13,Cantabria,2085,806251.9222672295,42578.87268628801,66.4,5323.466882929612,151.45241625388542
ES21,País Vasco,2020,2211917.0,30100.0,70.9,7230.694908997277,305.90655916731794
ES21,País Vasco,2055,2633789.0511699836,42639.74295654117,70.9,7230.694908997277,364.2511659415632
ES21,País Vasco,2085,3058882.822357663,57471.93129404794,70.9,7230.694908997277,423.0413343192565
ES22,Comunidad Foral de Navarra,2020,659907.0,29000.0,70.4,10390.675334324638,63.50953896327201
ES22,Comunidad Foral de Navarra,2055,785769.0100444232,41081.47992490678,70.4,10390.675334324638,75.62251583866812
ES22,Comunidad Foral de Navarra,2085,912592.1934021839,55371.628157056155,70.4,10390.675334324638,87.82799616378348
ES23,La Rioja,2020,318703.0,25700.0,72.2,5046.82873412003,63.14916094642735
ES23,La Rioja,2055,379488.2321420864,36406.690830003594,72.2,5046.82873412003,75.19340404331241
ES23,La Rioja,2085,440737.6642676259,49070.7187460808,72.2,5046.82873412003,87.32962568908599
ES24,Aragón,2020,1330592.0,27000.0,71.2,47718.51982736868,27.88418427088023
ES24,Aragón,2055,1584371.6745132708,38248.27441284424,71.2,47718.51982736868,33.2024480274127
ES24,Aragón,2085,1840089.3941167449,51552.895180707455,71.2,47718.51982736868,38.5613258913654
ES30,Comunidad de Madrid,2020,6720310.0,32900.0,72.0,8030.398031421424,836.8588921376876
ES30,Comunidad de Madrid,2055,8002053.828632879,46606.23067342872,72.0,8030.398031421424,996.470386314895
ES30,Comunidad de Madrid,2085,9293585.979907215,62818.15746093612,72.0,8030.398031421424,1157.3007892688727
ES41,Castilla y León,2020,2398976.0,22900.0,68.3,94220.28266711475,25.46135430813458
ES41,Castilla y León,2055,2856525.2325559966,32440.20311311604,68.3,94220.28266711475,30.31751923997354
ES41,Castilla y León,2085,3317568.6418831707,43724.49257919262,68.3,94220.28266711475,35.210769358486395
ES42,Castilla-La Mancha,2020,2047969.0,19700.0,63.3,79454.1696247776,25.775475468078465
ES42,Castilla-La Mancha,2055,2438571.7589473473,27907.074293815982,63.3,79454.1696247776,30.691551751953423
ES42,Castilla-La Mancha,2085,2832157.4429876893,37614.5198170347,63.3,79454.1696247776,35.645170748905386
ES43,Extremadura,2020,1064970.0,18400.0,58.6,41631.47567167866,25.580885203271453
ES43,Extremadura,2055,1268088.4164389973,26065.490710975333,58.6,41631.47567167866,30.459847891043196
ES43,Extremadura,2085,1472757.9919708744,35132.34338240804,58.6,41631.47567167866,35.37606986563708
ES51,Cataluña,2020,7720323.0,27800.0,71.2,32112.564476280528,240.41440245927737
ES51,Cataluña,2055,9192796.198454011,39381.55661766925,71.2,32112.564476280528,286.26789384087135
ES51,Cataluña,2085,10676514.266924474,53080.38837124693,71.2,32112.564476280528,332.471555637063
ES52,Comunitat Valenciana ,2020,5046482.0,21000.0,65.1,23264.01672583566,216.9222133680669
ES52,Comunitat Valenciana ,2055,6008981.819176036,29748.65787665663,65.1,23264.01672583566,258.2951125762737
ES52,Comunitat Valenciana ,2085,6978831.982907652,40096.69625166136,65.1,23264.01672583566,299.983965157546
ES53,Illes Balears,2020,1176816.0,22600.0,66.0,4991.832845662448,235.748278515089
ES53,Illes Balears,2055,1401266.4562194943,32015.22228630666,66.0,4991.832845662448,280.7118145867197
ES53,Illes Balears,2085,1627430.978411783,43151.68263274031,66.0,4991.832845662448,326.01872473071813
ES61,Andalucía,2020,8461039.0,17800.0,57.2,87612.27028779054,96.57367594980714
ES61,Andalucía,2055,10074786.657782469,25215.529057356573,57.2,87612.27028779054,114.99287285546428
ES61,Andalucía,2085,11700858.059501447,33986.723489503434,57.2,87612.27028779054,133.55273206670975
ES62,Región de Murcia,2020,1509077.0,20100.0,64.2,11316.1421927201,133.35613624321715
ES62,Región de Murcia,2055,1796898.5635412382,28473.71539622849,64.2,11316.1421927201,158.79073742085168
ES62,Región de Murcia,2085,2086918.1406513152,38378.26641230444,64.2,11316.1421927201,184.41957560358964
ES63,Ciudad de Ceuta,2020,84502.0,18200.0,54.1,19.950947339705408,4235.488097942508
ES63,Ciudad de Ceuta,2055,100618.80369017732,25782.17015976908,54.1,19.950947339705408,5043.309572068823
ES63,Ciudad de Ceuta,2085,116858.68694660209,34750.47008477317,54.1,19.950947339705408,5857.300155067604
ES64,Ciudad de Melilla,2020,86558.0,16800.0,57.7,13.489404111318423,6416.740078783215
ES64,Ciudad de Melilla,2055,103066.93817678124,23798.926301325304,57.7,13.489404111318423,7640.584960332078
ES64,Ciudad de Melilla,2085,119701.95054228282,32077.357001329085,57.7,13.489404111318423,8873.776006298578
ES70,Canarias,2020,2176240.0,17200.0,57.1,7448.370733915762,292.1766487925482
ES70,Canarias,2055,2591307.4879021975,24365.567403737812,57.1,7448.370733915762,347.9025924559335
ES70,Canarias,2085,3009544.731256933,32841.10359659882,57.1,7448.370733915762,404.0540997178256
FI19,Länsi-Suomi,2020,1378652.0,37800.0,76.6,64691.7847513351,21.311083088823693
FI19,Länsi-Suomi,2055,1641598.008864528,53547.58417798194,76.6,64691.7847513351,25.375679696804916
FI19,Länsi-Suomi,2085,1906552.0635760913,72174.05325299043,76.6,64691.7847513351,29.471316503394878
FI1B,Helsinki-Uusimaa,2020,1689725.0,55400.0,78.8,9521.265247683172,177.46853554060624
FI1B,Helsinki-Uusimaa,2055,2012000.9948330794,78479.79268413226,78.8,9521.265247683172,211.31655746306024
FI1B,Helsinki-Uusimaa,2085,2336738.122184649,105778.903444859,78.8,9521.265247683172,245.42306735475648
FI1C,Etelä-Suomi,2020,1148794.0,37800.0,75.8,35197.17997070876,32.63880802257542
FI1C,Etelä-Suomi,2055,1367899.9072975025,53547.58417798194,75.8,35197.17997070876,38.863906382155456
FI1C,Etelä-Suomi,2085,1588679.0657278502,72174.05325299043,75.8,35197.17997070876,45.13654409387216
FI1D,Pohjois- ja Itä-Suomi,2020,1278237.0,35600.0,73.3,227101.3041652112,5.628488152891059
FI1D,Pohjois- ja Itä-Suomi,2055,1522031.168167868,50431.058114713145,73.3,227101.3041652112,6.701992195785119
FI1D,Pohjois- ja Itä-Suomi,2085,1767687.1248794564,67973.44697900687,73.3,227101.3041652112,7.783694291748774
FI20,Åland,2020,29884.0,39500.0,86.5,1462.0777104891215,20.43940604908247
FI20,Åland,2055,35583.682391863615,55955.80886323509,86.5,1462.0777104891215,24.337750405865567
FI20,Åland,2085,41326.891679631924,75419.97628288683,86.5,1462.0777104891215,28.26586533885841
FR10,Ile-de-France,2020,12271794.0,57000.0,74.2,12069.60373410694,1016.7520218846704
FR10,Ile-de-France,2055,14612355.108900333,80746.35709378228,74.2,12069.60373410694,1210.6739732977271
FR10,Ile-de-France,2085,16970790.43477302,108833.88982593796,74.2,12069.60373410694,1406.0768529472132
FRB0,Centre — Val de Loire,2020,2574863.0,28400.0,71.5,39531.7895685137,65.1339852838544
FRB0,Centre — Val de Loire,2055,3065958.6131227785,40231.51827128802,71.5,39531.7895685137,77.55678775455071
FRB0,Centre — Val de Loire,2085,3560804.587434483,54226.00826415155,71.5,39531.7895685137,90.07445972723166
FRC1,Bourgogne,2020,1622967.0,28600.0,73.0,31753.101426282185,51.11207809945339
FRC1,Bourgogne,2055,1932510.449085655,40514.83882249427,73.0,31753.101426282185,60.86052581579031
FRC1,Bourgogne,2085,2244417.7957641943,54607.88156178642,73.0,31753.101426282185,70.68341972751297
FRC2,Franche-Comté,2020,1178728.0,26100.0,73.9,16305.640233597407,72.28958710687466
FRC2,Franche-Comté,2055,1403543.1260338847,36973.3319324161,73.9,16305.640233597407,86.07715526201268
FRC2,Franche-Comté,2085,1630075.1029229413,49834.46534135054,73.9,16305.640233597407,99.97001525669675
FRD1,Basse-Normandie ,2020,1471115.0,26900.0,72.5,17748.449941940376,82.88695659690765
FRD1,Basse-Normandie ,2055,1751696.1893289532,38106.614137241115,72.5,17748.449941940376,98.69572808099805
FRD1,Basse-Normandie ,2085,2034420.099494101,51361.95853189002,72.5,17748.449941940376,114.62522677468728
FRD2,Haute-Normandie ,2020,1854407.0,28600.0,71.3,12326.241957451935,150.44382597721946
FRD2,Haute-Normandie ,2055,2208092.280593248,40514.83882249427,71.3,12326.241957451935,179.13750908145423
FRD2,Haute-Normandie ,2085,2564478.557721563,54607.88156178642,71.3,12326.241957451935,208.050317896866
FRE1,Nord-Pas de Calais,2020,4069913.0,28300.0,65.7,12439.381019642648,327.17970400402754
FRE1,Nord-Pas de Calais,2055,4846154.850572775,40089.85799568489,65.7,12439.381019642648,389.5816715414022
FRE1,Nord-Pas de Calais,2085,5628324.645178885,54035.07161533411,65.7,12439.381019642648,452.4601856226905
FRE2,Picardie,2020,1927821.0,25500.0,67.7,19493.408815555063,98.89604318264057
FRE2,Picardie,2055,2295508.3045229856,36123.37027879734,67.7,19493.408815555063,117.75817796891684
FRE2,Picardie,2085,2666003.5351599418,48688.84544844593,67.7,19493.408815555063,136.76435765470447
FRF1,Alsace,2020,1915915.0,31600.0,72.0,8330.551764745886,229.98656680917256
FRF1,Alsace,2055,2281331.5101662218,44764.64709058808,72.0,8330.551764745886,273.8511895239164
FRF1,Alsace,2085,2649538.605018806,60335.98102630946,72.0,8330.551764745886,318.0507942140646
FRF2,Champagne-Ardenne,2020,1319593.0,28500.0,64.2,25726.146503147123,51.293846120271915
FRF2,Champagne-Ardenne,2055,1571274.8694460741,40373.17854689114,64.2,25726.146503147123,61.07696188598854
FRF2,Champagne-Ardenne,2085,1824878.7636260383,54416.94491296898,64.2,25726.146503147123,70.93478859738273
FRF3,Lorraine,2020,2327143.0,25200.0,67.8,23669.78076397494,98.31704920317122
FRF3,Lorraine,2055,2770991.7478399365,35698.38945198796,67.8,23669.78076397494,117.06875426819944
FRF3,Lorraine,2085,3218230.045643611,48116.035501993625,67.8,23669.78076397494,135.96366091154127
FRG0,Pays de la Loire,2020,3832120.0,31100.0,73.8,32338.68692301476,118.49955470123807
FRG0,Pays de la Loire,2055,4563008.331130652,44056.34571257244,73.8,32338.68692301476,141.10060627981946
FRG0,Pays de la Loire,2085,5299478.254027275,59381.29778222229,73.8,32338.68692301476,163.87425582996534
FRH0,Bretagne,2020,3373835.0,29500.0,72.1,27415.874579796968,123.0613668799832
FRH0,Bretagne,2055,4017316.0581767224,41789.78130292241,72.1,27415.874579796968,146.53247870987573
FRH0,Bretagne,2085,4665711.202983234,56326.31140114333,72.1,27415.874579796968,170.1828329205096
FRI1,Aquitaine,2020,3485404.0,30100.0,72.5,41724.215584728445,83.53432056553027
FRI1,Aquitaine,2055,4150164.2666085865,42639.74295654117,72.5,41724.215584728445,99.46656176629467
FRI1,Aquitaine,2085,4820001.123268499,57471.93129404794,72.5,41724.215584728445,115.5204730806893
FRI2,Limousin,2020,727308.0,26300.0,70.2,17055.721932746343,42.64304981447874
FRI2,Limousin,2055,866025.1931823564,37256.652483622354,70.2,17055.721932746343,50.77622610155368
FRI2,Limousin,2085,1005801.7311514434,50216.33863898541,70.2,17055.721932746343,58.97151320345708
FRI3,Poitou-Charentes,2020,1821240.0,28100.0,74.1,25928.35421758884,70.24124958785613
FRI3,Poitou-Charentes,2055,2168599.4418202946,39806.537444478636,74.1,25928.35421758884,83.63814469756035
FRI3,Poitou-Charentes,2085,2518611.571496883,53653.19831769924,74.1,25928.35421758884,97.13734818495922
FRJ1,Languedoc-Roussillon,2020,2875045.0,26000.0,68.5,27766.461617442616,103.54380185748714
FRJ1,Languedoc-Roussillon,2055,3423393.392528293,36831.67165681297,68.5,27766.461617442616,123.29238920301431
FRJ1,Languedoc-Roussillon,2085,3975929.369865726,49643.5286925331,68.5,27766.461617442616,143.1917910407456
FRJ2,Midi-Pyrénées,2020,3098924.0,30500.0,72.6,45604.06495873344,67.9528020759592
FRJ2,Midi-Pyrénées,2055,3689972.138017787,43206.38405895368,72.6,45604.06495873344,80.91322870794079
FRJ2,Midi-Pyrénées,2085,4285533.946975361,58235.67788931768,72.6,45604.06495873344,93.9726305287322
FRK1,Auvergne,2020,1369348.0,28200.0,74.2,26170.43947273356,52.32422640157401
FRK1,Auvergne,2055,1630519.485876511,39948.197720081764,74.2,26170.43947273356,62.30386339424356
FRK1,Auvergne,2085,1893685.4660594503,53844.13496651668,74.2,26170.43947273356,72.35971211077452
FRK2,Rhône-Alpes,2020,6709304.0,34600.0,73.8,44962.14939133953,149.22115803681586
FRK2,Rhône-Alpes,2055,7988948.688477449,49014.45535868188,73.8,44962.14939133953,177.68164548682043
FRK2,Rhône-Alpes,2085,9278365.669044344,66064.08049083252,73.8,44962.14939133953,206.359477797374
FRL0,Provence-Alpes-Côte d’Azur,2020,5098666.0,31800.0,70.7,31845.236522566367,160.10765052371184
FRL0,Provence-Alpes-Côte d’Azur,2055,6071118.711223186,45047.96764179433,70.7,31845.236522566367,190.6444848327954
FRL0,Provence-Alpes-Côte d’Azur,2085,7050997.7744820705,60717.85432394434,70.7,31845.236522566367,221.41452048834836
FRM0,Corse,2020,343701.0,26200.0,73.6,8729.70593022833,39.37142931812485
FRM0,Corse,2055,409254.0229475945,37114.99220801923,73.6,8729.70593022833,46.88061960145435
FRM0,Corse,2085,475307.65617658856,50025.40199016797,73.6,8729.70593022833,54.447155491314085
FRY1,Guadeloupe,2020,415360.0,21300.0,56.3,1684.06912085485,246.64070782864255
FRY1,Guadeloupe,2055,494580.32118473,30173.63870346601,56.3,1684.06912085485,293.6817230718393
FRY1,Guadeloupe,2085,574405.6260223503,40669.50619811366,56.3,1684.06912085485,341.0819775204811
FRY2,Martinique ,2020,361225.0,24000.0,62.4,1108.0251118917356,326.0079542631296
FRY2,Martinique ,2055,430120.3209744657,33998.46614475043,62.4,1108.0251118917356,388.1864376161291
FRY2,Martinique ,2085,499541.7764347156,45824.7957161844,62.4,1108.0251118917356,450.8397608262199
FRY3,Guyane,2020,285133.0,15000.0,49.5,83757.2144128753,3.4042798820225433
FRY3,Guyane,2055,339515.5304323132,21249.041340469023,49.5,83757.2144128753,4.053567597875155
FRY3,Guyane,2085,394313.36518834456,28640.497322615254,49.5,83757.2144128753,4.707813744194077
FRY4,La Réunion ,2020,863083.0,22300.0,54.0,2505.6458965008874,344.4552964188946
FRY4,La Réunion ,2055,1027696.1367225546,31590.24145949728,54.0,2505.6458965008874,410.1521839768833
FRY4,La Réunion ,2085,1193566.3783807978,42578.87268628801,54.0,2505.6458965008874,476.3507804704579
FRY5,Mayotte,2020,279696.0,10000.0,39.6,368.4413403415838,759.133054235153
FRY5,Mayotte,2055,333041.54832936305,14166.027560312681,39.6,368.4413403415838,903.9201410476865
FRY5,Mayotte,2085,386794.4818373153,19093.6648817435,39.6,368.4413403415838,1049.8129267435522
HR02,Panonska Hrvatska,2020,1046438.0,8900.0,58.7,23204.727720367973,45.09589651773798
HR02,Panonska Hrvatska,2055,1246021.8657066314,12607.764528678286,58.7,23204.727720367973,53.696896629083675
HR02,Panonska Hrvatska,2085,1447129.8981210906,16993.361744751717,58.7,23204.727720367973,62.36358019624039
HR03,Jadranska Hrvatska,2020,1317600.0,11500.0,64.7,24629.957812622444,53.49582853628567
HR03,Jadranska Hrvatska,2055,1568901.7507535636,16290.931694359584,64.7,24629.957812622444,63.69892156086144
HR03,Jadranska Hrvatska,2085,1822122.623379836,21957.714614005028,64.7,24629.957812622444,73.97993278112837
HR05,Grad Zagreb,2020,774420.0,22600.0,77.3,641.944298749379,1206.3663490877746
HR05,Grad Zagreb,2055,922122.7184415413,32015.22228630666,77.3,641.944298749379,1436.4528514981744
HR05,Grad Zagreb,2085,1070953.401637684,43151.68263274031,77.3,641.944298749379,1668.2964608052298
HR06,Sjeverna Hrvatska,2020,795053.0,10600.0,70.7,8030.429505496965,99.00504069623832
HR06,Sjeverna Hrvatska,2055,946690.9863705776,15015.989213931443,70.7,8030.429505496965,117.88796423934131
HR06,Sjeverna Hrvatska,2085,1099486.990047062,20239.284774648113,70.7,8030.429505496965,136.91509143993414
HU11,Budapest,2020,1717144.0,30300.0,79.9,526.0908730895737,3263.9684279556664
HU11,Budapest,2055,2044649.535440177,42923.06350774743,79.9,526.0908730895737,3886.49497649059
HU11,Budapest,2085,2374656.139952144,57853.80459168281,79.9,526.0908730895737,4513.775587868502
HU12,Pest,2020,1287734.0,11500.0,77.6,6388.980101684357,201.55548765295242
HU12,Pest,2055,1533339.5014457267,16290.931694359584,77.6,6388.980101684357,239.9975390503228
HU12,Pest,2085,1780820.6240857695,21957.714614005028,77.6,6388.980101684357,278.733161747723
HU21,Közép-Dunántúl,2020,1062982.0,12800.0,77.0,11086.225807391476,95.88312726692632
HU21,Közép-Dunántúl,2055,1265721.2513809386,18132.515277200233,77.0,11086.225807391476,114.17061796964745
HU21,Közép-Dunántúl,2085,1470008.766276218,24439.89104863168,77.0,11086.225807391476,132.59776517416097
HU22,Nyugat-Dunántúl,2020,977086.0,13700.0,78.6,11328.135256779658,86.25303086977479
HU22,Nyugat-Dunántúl,2055,1163442.5744055833,19407.457757628374,78.6,11328.135256779658,102.70380323268886
HU22,Nyugat-Dunántúl,2085,1351222.3023586145,26158.320887988597,78.6,11328.135256779658,119.28020558811173
HU23,Dél-Dunántúl,2020,873097.0,9700.0,69.3,14195.973808739913,61.503142493998396
HU23,Dél-Dunántúl,2055,1039620.0758027354,13741.0467335033,69.3,14195.973808739913,73.23344560995749
HU23,Dél-Dunántúl,2085,1207414.8422169588,18520.854935291198,69.3,14195.973808739913,85.05332980211615
HU31,Észak-Magyarország,2020,1117255.0,9600.0,70.9,13428.348478027649,83.20122179046265
HU31,Észak-Magyarország,2055,1330345.571902074,13599.386457900175,70.9,13428.348478027649,99.06993209767182
HU31,Észak-Magyarország,2085,1545063.45748652,18329.918286473763,70.9,13428.348478027649,115.05982735067198
HU32,Észak-Alföld,2020,1430692.0,9400.0,70.9,17722.542069642688,80.72724524382211
HU32,Észak-Alföld,2055,1703563.4362394637,13316.06590669392,70.9,17722.542069642688,96.12410169743838
HU32,Észak-Alföld,2085,1978518.716065987,17948.04498883889,70.9,17722.542069642688,111.63853967964522
HU33,Dél-Alföld,2020,1223386.0,10600.0,74.6,18335.40467055192,66.72260699895283
HU33,Dél-Alföld,2055,1456718.6075040977,15015.989213931443,74.6,18335.40467055192,79.4484023493466
HU33,Dél-Alföld,2085,1691833.1115104465,20239.284774648113,74.6,18335.40467055192,92.27138107443363
IE04,Northern and Western,2020,883740.0,33700.0,72.4,25796.072027512528,34.258704156875375
IE04,Northern and Western,2055,1052292.9820969598,47739.512878253736,72.4,25796.072027512528,40.79276026887535
IE04,Northern and Western,2085,1222133.156637596,64345.650651475604,72.4,25796.072027512528,47.376715157801655
IE05,Southern,2020,1661545.0,81500.0,72.1,29686.58424906936,55.96955803536365
IE05,Southern,2055,1978446.3110624088,115453.12461654836,72.1,29686.58424906936,66.64445779491895
IE05,Southern,2085,2297767.709671865,155613.36878620952,72.1,29686.58424906936,77.400878807534
IE06,Eastern and Midland,2020,2467315.0,87500.0,74.5,14463.115309182678,170.59360637424317
IE06,Eastern and Midland,2055,2937898.3175170985,123952.74115273597,74.5,14463.115309182678,203.13039443527202
IE06,Eastern and Midland,2085,3412075.3495024443,167069.56771525563,74.5,14463.115309182678,235.91565693568845
ITC1,Piemonte,2020,4311217.0,29500.0,69.3,25398.283161392053,169.74442613323896
ITC1,Piemonte,2055,5133482.012126993,41789.78130292241,69.3,25398.283161392053,202.1192526875361
ITC1,Piemonte,2085,5962026.434426038,56326.31140114333,69.3,25398.283161392053,234.741316826049
ITC2,Valle d’Aosta/Vallée d’Aoste,2020,125034.0,35800.0,72.3,3260.609456174908,38.34681880199174
ITC2,Valle d’Aosta/Vallée d’Aoste,2055,148881.34601071727,50714.3786659194,72.3,3260.609456174908,45.66058830773718
ITC2,Valle d’Aosta/Vallée d’Aoste,2085,172910.80759841716,68355.32027664174,72.3,3260.609456174908,53.03021104565605
ITC3,Liguria,2020,1524826.0,29700.0,67.0,5418.222974387274,281.4254797574913
ITC3,Liguria,2055,1815651.3213377,42073.10185412866,67.0,5418.222974387274,335.10088638296116
ITC3,Liguria,2085,2108697.5951106423,56708.1846987782,67.0,5418.222974387274,389.18619722347376
ITC4,Lombardia,2020,10027602.0,37300.0,71.8,23879.59652650227,419.9234266320654
ITC4,Lombardia,2055,11940135.347343607,52839.282799966306,71.8,23879.59652650227,500.0141159877679
ITC4,Lombardia,2085,13867274.18218647,71219.37000890326,71.8,23879.59652650227,580.7164357570349
ITF1,Abruzzo,2020,1293941.0,23700.0,61.2,10799.629837033024,119.8134583801146
ITF1,Abruzzo,2055,1540730.343254263,33573.48531794106,61.2,10799.629837033024,142.66510672161584
ITF1,Abruzzo,2085,1789404.34837487,45251.9857697321,61.2,10799.629837033024,165.69126677275744
ITF2,Molise,2020,300516.0,20600.0,57.4,4442.947220141997,67.6388858813397
ITF2,Molise,2055,357832.4821868989,29182.016774244123,57.4,4442.947220141997,80.53944025368425
ITF2,Molise,2085,415586.67447451036,39332.94965639161,57.4,4442.947220141997,93.53851258697334
ITF3,Campania,2020,5712143.0,18100.0,44.2,13603.223197736155,419.91099586975923
ITF3,Campania,2055,6801602.271747657,25640.509884165953,44.2,13603.223197736155,499.9993143448222
ITF3,Campania,2085,7899381.442228876,34559.53343595574,44.2,13603.223197736155,580.6992451276907
ITF4,Puglia,2020,3953305.0,18400.0,50.0,19365.34277676113,204.14330102868408
ITF4,Puglia,2055,4707306.569340329,26065.490710975333,50.0,19365.34277676113,243.0789180240697
ITF4,Puglia,2085,5467066.239845646,35132.34338240804,50.0,19365.34277676113,282.3118755432646
ITF5,Basilicata,2020,553254.0,21200.0,54.7,9989.305681545897,55.38463008716148
ITF5,Basilicata,2055,658774.4150056255,30031.978427862887,54.7,9989.305681545897,65.94796835806477
ITF5,Basilicata,2085,765100.6601968639,40478.569549296226,54.7,9989.305681545897,76.59197591783582
ITF6,Calabria,2020,1894110.0,16600.0,44.4,15086.973350748132,125.54605592287832
ITF6,Calabria,2055,2255367.71032167,23515.60575011905,44.4,15086.973350748132,149.49106476746252
ITF6,Calabria,2085,2619384.2457270655,31695.48370369421,44.4,15086.973350748132,173.6189350130439
ITG1,Sicilia,2020,4875290.0,17300.0,44.4,25728.025020180787,189.49336360547983
ITG1,Sicilia,2055,5805138.901359549,24507.22767934094,44.4,25728.025020180787,225.63484359199978
ITG1,Sicilia,2085,6742088.801257955,33032.04024541626,44.4,25728.025020180787,262.05232605182607
ITG2,Sardegna,2020,1611621.0,20400.0,55.8,24112.4248910649,66.8377820679994
ITG2,Sardegna,2055,1919000.4617874993,28898.69622303787,55.8,24112.4248910649,79.58554440116075
ITG2,Sardegna,2085,2228727.2953962013,38951.07635875674,55.8,24112.4248910649,92.43065786477902
ITH1,Provincia Autonoma di Bolzano/Bozen,2020,532644.0,44900.0,77.3,7397.92840606427,71.99907470899261
ITH1,Provincia Autonoma di Bolzano/Bozen,2055,634233.5337950677,63605.46374580394,77.3,7397.92840606427,85.73123433786819
ITH1,Provincia Autonoma di Bolzano/Bozen,2085,736598.8787245973,85730.55531902832,77.3,7397.92840606427,99.5682626667201
ITH2,Provincia Autonoma di Trento,2020,545425.0,37100.0,72.5,6206.930920159764,87.87354120995452
ITH2,Provincia Autonoma di Trento,2055,649452.2141809065,52555.96224876005,72.5,6206.930920159764,104.63338847086602
ITH2,Provincia Autonoma di Trento,2085,754273.8553862683,70837.4967112684,72.5,6206.930920159764,121.52122604368434
ITH3,Veneto,2020,4879133.0,31300.0,70.9,17691.31624022228,275.7925376353284
ITH3,Veneto,2055,5809714.864799246,44339.666263778694,70.9,17691.31624022228,328.3935907261952
ITH3,Veneto,2085,6747403.325576146,59763.17107985716,70.9,17691.31624022228,381.39634349170217
ITH4,Friuli-Venezia Giulia,2020,1206216.0,30400.0,71.9,7767.481689643704,155.29048515276634
ITH4,Friuli-Venezia Giulia,2055,1436273.826796418,43064.72378335055,71.9,7767.481689643704,184.9085564902439
ITH4,Friuli-Venezia Giulia,2085,1668088.5415017703,58044.74124050025,71.9,7767.481689643704,214.75281283582734
ITH5,Emilia-Romagna,2020,4464119.0,34100.0,73.8,22510.415091217088,198.31349097341922
ITH5,Emilia-Romagna,2055,5315546.535118585,48306.15398066625,73.8,22510.415091217088,236.13720642550734
ITH5,Emilia-Romagna,2085,6173476.186520773,65109.39724674534,73.8,22510.415091217088,274.2497711172587
ITI1,Toscana,2020,3692555.0,29200.0,71.0,22989.71509893461,160.61769291656515
ITI1,Toscana,2055,4396824.532675945,41364.80047611303,71.0,22989.71509893461,191.2518060251953
ITI1,Toscana,2085,5106472.376726116,55753.501454691024,71.0,22989.71509893461,222.11986337154568
ITI2,Umbria,2020,870165.0,24400.0,68.5,8454.793028004322,102.91972814920517
ITI2,Umbria,2055,1036128.864560166,34565.107247162945,68.5,8454.793028004322,122.54928785698908
ITI2,Umbria,2085,1203360.1491904336,46588.54231145414,68.5,8454.793028004322,142.32875307587227
ITI3,Marche,2020,1512672.0,26300.0,68.9,9329.548115614867,162.13775643305172
ITI3,Marche,2055,1801179.226712124,37256.652483622354,68.9,9329.548115614867,193.0617865293486
ITI3,Marche,2085,2091889.703212829,50216.33863898541,68.9,9329.548115614867,224.22197487910833
ITI4,Lazio,2020,5755700.0,32400.0,64.7,17213.735890364613,334.36669626270685
ITI4,Lazio,2055,6853466.762911571,45897.92929541309,64.7,17213.735890364613,398.1394164847039
ITI4,Lazio,2085,7959616.866565971,61863.47421684895,64.7,17213.735890364613,462.3991513092382
LT01,Sostinės regionas,2020,804348.0,26500.0,82.1,9733.739988529196,82.63504068815176
LT01,Sostinės regionas,2055,957758.7928165812,37539.9730348286,82.1,9733.739988529196,98.39576503433004
LT01,Sostinės regionas,2085,1112341.1413709202,50598.21193662028,82.1,9733.739988529196,114.27684966742152
LT02,Vidurio ir vakarų Lietuvos regionas ,2020,2005629.0,14400.0,74.3,55163.13184657412,36.35814234728876
LT02,Vidurio ir vakarų Lietuvos regionas ,2055,2388156.3824090157,20399.079686850262,74.3,55163.13184657412,43.29261777687358
LT02,Vidurio ir vakarų Lietuvos regionas ,2085,2773605.020496871,27494.877429710643,74.3,55163.13184657412,50.28004987481733
LU00,Luxembourg,2020,626108.0,102200.0,72.1,2595.6231622209148,241.2168334421388
LU00,Luxembourg,2055,745523.6318767549,144776.8016663956,72.1,2595.6231622209148,287.2233699898318
LU00,Luxembourg,2085,865851.2078620996,195137.2550914186,72.1,2595.6231622209148,333.5812457156701
LV00,Latvija,2020,1907675.0,15400.0,77.0,64592.30021451312,29.534092974929667
LV00,Latvija,2055,2271519.92058956,21815.68244288153,77.0,64592.30021451312,35.167038687982455
LV00,Latvija,2085,2638143.424071136,29404.243917884993,77.0,64592.30021451312,40.843001647406524
MK00,Северна Македонија,2020,2076087.0,5800.0,59.1,25436.42664680371,81.61865771585794
MK00,Северна Македонија,2055,2472052.617650815,8216.295984981356,59.1,25436.42664680371,97.18553049830402
MK00,Северна Македонија,2085,2871042.1150613036,11074.325631411231,59.1,25436.42664680371,112.87128317695807
MT00,Malta,2020,514855.0,27900.0,76.0,313.7507833685232,1640.9680143978007
MT00,Malta,2055,613051.6931422481,39523.21689327238,76.0,313.7507833685232,1953.944740983082
MT00,Malta,2085,711998.2872345367,53271.32502006437,76.0,313.7507833685232,2269.311584150669
NL11,Groningen,2020,585866.0,41400.0,74.5,2401.896422604919,243.9180950878028
NL11,Groningen,2055,697606.4003544226,58647.3540996945,74.5,2401.896422604919,290.4398348692532
NL11,Groningen,2085,810200.1311999477,79047.77261041809,74.5,2401.896422604919,337.31684829326014
NL12,Friesland (NL),2020,649957.0,34300.0,80.1,4011.65359954214,162.0172290235082
NL12,Friesland (NL),2055,773921.2774852262,48589.474531872496,80.1,4011.65359954214,192.91827130177833
NL12,Friesland (NL),2085,898832.2358258107,65491.27054438021,80.1,4011.65359954214,224.05529628191144
NL13,Drenthe,2020,493682.0,32900.0,78.4,2678.003540717251,184.3470303507429
NL13,Drenthe,2055,587840.432692411,46606.23067342872,78.4,2678.003540717251,219.50696619877112
NL13,Drenthe,2085,682717.9272581999,62818.15746093612,78.4,2678.003540717251,254.93540873935785
NL21,Overijssel,2020,1162406.0,40300.0,80.6,3421.839876387,339.7020439271236
NL21,Overijssel,2055,1384108.0817292402,57089.09106806011,80.6,3421.839876387,404.49235841820604
NL21,Overijssel,2085,1607503.2408564524,76947.46947342632,80.6,3421.839876387,469.77745859743686
NL22,Gelderland,2020,2085952.0,40100.0,80.2,5136.185513802091,406.12863269727615
NL22,Gelderland,2055,2483799.1384243304,56805.77051685385,80.2,5136.185513802091,483.58828390247993
NL22,Gelderland,2085,2884684.5252613965,76565.59617579145,80.2,5136.185513802091,561.6394730115564
NL23,Flevoland,2020,423021.0,35500.0,81.3,2411.892083376879,175.3896880028439
NL23,Flevoland,2055,503702.47989186645,50289.39783911002,81.3,2411.892083376879,208.84121779886394
NL23,Flevoland,2085,585000.101901003,67782.51033018943,81.3,2411.892083376879,242.54820766356474
NL32,Noord-Holland,2020,2879527.0,59800.0,80.6,3411.296475506256,844.1151394126955
NL32,Noord-Holland,2055,3428730.230450939,84712.84481066983,80.6,3411.296475506256,1005.1105950684324
NL32,Noord-Holland,2085,3982127.5738714854,114180.11599282613,80.6,3411.296475506256,1167.335528431464
NL34,Zeeland,2020,383488.0,37900.0,81.0,1931.549213273105,198.53907804407467
NL34,Zeeland,2055,456629.4737348077,53689.24445358507,81.0,1931.549213273105,236.40581901665692
NL34,Zeeland,2085,530329.5086480621,72364.98990180787,81.0,1931.549213273105,274.5617378028866
NL41,Noord-Brabant,2020,2562955.0,48700.0,81.9,5084.52055295583,504.0701425643868
NL41,Noord-Brabant,2055,3051779.437312234,68988.55421872275,81.9,5084.52055295583,600.2098733848397
NL41,Noord-Brabant,2085,3544336.891472729,92986.14797409085,81.9,5084.52055295583,697.0837967037556
NL42,Limburg (NL),2020,1117201.0,40500.0,75.9,2211.8171102085325,505.1055057145611
NL42,Limburg (NL),2055,1330281.272649994,57372.411619266364,75.9,2211.8171102085325,601.4427081290521
NL42,Limburg (NL),2085,1544988.7803298242,77329.34277106119,75.9,2211.8171102085325,698.5156110778802
NO02,Innlandet,2020,371385.0,42200.0,76.9,52071.556719158565,7.132204669874162
NO02,Innlandet,2055,442218.10618064075,59780.63630451952,76.9,52071.556719158565,8.492507888052758
NO02,Innlandet,2085,513592.1451760173,80575.26580095758,76.9,52071.556719158565,9.86319936517382
NO06,Trøndelag/Trööndelage,2020,468702.0,49900.0,79.1,42117.8901790449,11.128335204055292
NO06,Trøndelag/Trööndelage,2055,558096.0749709295,70688.47752596028,79.1,42117.8901790449,13.250807972537084
NO06,Trøndelag/Trööndelage,2085,648172.8277348026,95277.38775990007,79.1,42117.8901790449,15.389489477734829
NO07,Nord-Norge,2020,484546.0,47500.0,78.0,112712.32256376948,4.298962074229793
NO07,Nord-Norge,2055,576961.9518219765,67288.63091148523,78.0,112712.32256376948,5.1188897424729
NO07,Nord-Norge,2085,670083.6586735019,90694.90818828164,78.0,112712.32256376948,5.945078971240144
NO08,Oslo og Viken,2020,1934659.0,62300.0,79.9,25026.656895676948,77.30393268523967
NO08,Oslo og Viken,2055,2303650.4949993463,88254.35170074801,79.9,25026.656895676948,92.04787137978761
NO08,Oslo og Viken,2085,2675459.8758541364,118953.53221326202,79.9,25026.656895676948,106.90440545082511
NO09,Agder og Sør-Østlandet,2020,726627.0,41800.0,74.9,33881.375160726995,21.446207438541546
NO09,Agder og Sør-Østlandet,2055,865214.3081700135,59213.99520210701,74.9,33881.375160726995,25.53657589355793
NO09,Agder og Sør-Østlandet,2085,1004859.9692308897,79811.51920568784,74.9,33881.375160726995,29.658181359641375
NO0A,Vestlandet,2020,1381661.0,52900.0,79.9,57454.29138702007,24.04800349364576
NO0A,Vestlandet,2055,1645180.906077656,74938.28579405409,79.9,57454.29138702007,28.634604419633153
NO0A,Vestlandet,2085,1910713.2406964237,101005.48722442312,79.9,57454.29138702007,33.25623194663727
PL21,Małopolskie,2020,3371956.0,12900.0,73.5,15184.781340460524,222.06154467402658
PL21,Małopolskie,2055,4015078.682349714,18274.17555280336,73.5,15184.781340460524,264.4146525608083
PL21,Małopolskie,2085,4663112.714512279,24630.827697449116,73.5,15184.781340460524,307.09119940286587
PL22,Śląskie,2020,4475460.0,14300.0,70.4,12334.67313728994,362.83571929197524
PL22,Śląskie,2055,5329050.568782289,20257.419411247134,70.4,12334.67313728994,432.03824774826086
PL22,Śląskie,2085,6189159.772337221,27303.94078089321,70.4,12334.67313728994,501.76925674878856
PL41,Wielkopolskie,2020,3479525.0,15300.0,75.3,29826.439639505363,116.65907973110343
PL41,Wielkopolskie,2055,4143163.983220092,21674.022167278403,75.3,29826.439639505363,138.90910324182434
PL41,Wielkopolskie,2085,4811870.993560811,29213.307269067558,75.3,29826.439639505363,161.3290440199724
PL42,Zachodniopomorskie,2020,1671605.0,12100.0,71.6,22451.61199193119,74.4536739990319
PL42,Zachodniopomorskie,2055,1990425.0235795467,17140.893347978345,71.6,22451.61199193119,88.65399171760491
PL42,Zachodniopomorskie,2085,2311679.787382249,23103.334506909636,71.6,22451.61199193119,102.96275332982931
PL43,Lubuskie,2020,1001411.0,11800.0,72.9,13988.793369662711,71.58666037427825
PL43,Lubuskie,2055,1192407.0060138714,16715.912521168964,72.9,13988.793369662711,85.24016149954912
PL43,Lubuskie,2085,1384861.595629497,22530.524560457332,72.9,13988.793369662711,98.99793063158869
PL51,Dolnośląskie,2020,2864809.0,15600.0,75.3,19947.585849751755,143.61682769926026
PL51,Dolnośląskie,2055,3411205.11207845,22099.002994087783,75.3,19947.585849751755,171.0084186513679
PL51,Dolnośląskie,2085,3961773.8999409266,29786.117215519862,75.3,19947.585849751755,198.60919159750003
PL52,Opolskie,2020,942233.0,11600.0,73.5,9412.71047566813,100.1021971764322
PL52,Opolskie,2055,1121942.1700954633,16432.591969962712,73.5,9412.71047566813,119.19437796325357
PL52,Opolskie,2085,1303023.7293526512,22148.651262822463,73.5,9412.71047566813,138.43236044718145
PL61,Kujawsko-pomorskie,2020,2050976.0,11800.0,71.5,17971.90814538001,114.1212153661735
PL61,Kujawsko-pomorskie,2055,2442152.2747066948,16715.912521168964,71.5,17971.90814538001,135.88719989838654
PL61,Kujawsko-pomorskie,2085,2836315.8542874036,22530.524560457332,71.5,17971.90814538001,157.81940522640207
PL62,Warmińsko-mazurskie,2020,1399038.0,10400.0,69.8,24012.623761865627,58.262604448157305
PL62,Warmińsko-mazurskie,2055,1665872.1672516426,14732.66866272519,69.8,24012.623761865627,69.3748498195024
PL62,Warmińsko-mazurskie,2085,1934744.0731391008,19857.41147701324,69.8,24012.623761865627,80.57195633122198
PL63,Pomorskie,2020,2316135.0,13400.0,75.7,18177.04882187954,127.42084937418942
PL63,Pomorskie,2055,2757884.2262307266,18982.476930818993,75.7,18177.04882187954,151.72343174383113
PL63,Pomorskie,2085,3203006.968960122,25585.510941536293,75.7,18177.04882187954,176.21160620445127
PL71,Łódzkie,2020,2442685.0,13800.0,75.8,18220.003598912022,134.06610963270396
PL71,Łódzkie,2055,2908570.714207247,19549.1180332315,75.8,18220.003598912022,159.63612182716184
PL71,Łódzkie,2085,3378014.268587261,26349.25753680603,75.8,18220.003598912022,185.4014051231567
PL72,Świętokrzyskie,2020,1218743.0,10800.0,72.2,11709.14030899094,104.0847549725047
PL72,Świętokrzyskie,2055,1451190.0625521026,15299.309765137696,72.2,11709.14030899094,123.93651662349599
PL72,Świętokrzyskie,2085,1685412.2589449086,20621.158072282982,72.2,11709.14030899094,143.93988068028818
PL81,Lubelskie,2020,2088292.0,10100.0,70.4,25123.79159461327,83.12009722480525
PL81,Lubelskie,2055,2486585.4393478,14307.687835915809,70.4,25123.79159461327,98.97333489587386
PL81,Lubelskie,2085,2887920.535384885,19284.601530560936,70.4,25123.79159461327,114.94763935249634
PL82,Podkarpackie,2020,2084447.0,10200.0,70.1,17846.580380237272,116.79811793570545
PL82,Podkarpackie,2055,2482007.094454321,14449.348111518935,70.1,17846.580380237272,139.07465977083294
PL82,Podkarpackie,2085,2882603.2452460756,19475.53817937837,70.1,17846.580380237272,161.52132138648687
PL84,Podlaskie,2020,1149389.0,11100.0,73.5,20186.812505186128,56.937617055922736
PL84,Podlaskie,2055,1368608.3897972736,15724.290591947076,73.5,20186.812505186128,67.79715170216541
PL84,Podlaskie,2085,1589501.8973618143,21193.968018735286,73.5,20186.812505186128,78.739617606963
PL91,Warszawski stołeczny,2020,3082399.0,28900.0,81.4,6102.851731460452,505.07519035897695
PL91,Warszawski stołeczny,2055,3670295.376154397,40939.81964930365,81.4,6102.851731460452,601.4066108199669
PL91,Warszawski stołeczny,2085,4262681.354116107,55180.69150823872,81.4,6102.851731460452,698.4736876601162
PL92,Mazowiecki regionalny,2020,2319035.0,12600.0,72.9,29454.077988327044,78.73391932074932
PL92,Mazowiecki regionalny,2055,2761337.3342128037,17849.19472599398,72.9,29454.077988327044,93.7505949195609
PL92,Mazowiecki regionalny,2085,3207017.4088567533,24058.017750996813,72.9,29454.077988327044,108.88194871106566
PT11,Norte,2020,3600042.0,17000.0,73.8,21286.40063286242,169.12403661341293
PT11,Norte,2055,4286666.815867001,24082.24685253156,73.8,21286.40063286242,201.38053820377453
PT11,Norte,2085,4978535.195292647,32459.230298963954,73.8,21286.40063286242,233.88337376337233
PT15,Algarve,2020,465610.0,19500.0,74.4,4968.436395674673,93.71358772054361
PT15,Algarve,2055,554414.3474259007,27623.75374260973,74.4,4968.436395674673,111.58728889204505
PT15,Algarve,2085,643896.8690588081,37232.64651939983,74.4,4968.436395674673,129.59748656928758
PT20,Região Autónoma dos Açores,2020,237113.0,17200.0,71.0,2322.7668348009147,102.08213603167063
PT20,Região Autónoma dos Açores,2055,282336.825156671,24365.567403737812,71.0,2322.7668348009147,121.55194439947745
PT20,Região Autónoma dos Açores,2085,327906.01214136544,32841.10359659882,71.0,2322.7668348009147,141.17043830164314
PT30,Região Autónoma da Madeira,2020,250713.0,17500.0,71.0,799.9717695819662,313.40230934775707
PT30,Região Autónoma da Madeira,2055,298530.7108657242,24790.548230547192,71.0,799.9717695819662,373.17655724491954
PT30,Região Autónoma da Madeira,2085,346713.5923462575,33413.91354305113,71.0,799.9717695819662,433.4072845188479
RO11,Nord-Vest,2020,2547429.0,10800.0,71.8,34151.75492588857,74.59145234346168
RO11,Nord-Vest,2055,3033292.211612325,15299.309765137696,71.8,34151.75492588857,88.81804809722831
RO11,Nord-Vest,2085,3522865.82601235,20621.158072282982,71.8,34151.75492588857,103.15328842272345
RO12,Centru,2020,2314826.0,10900.0,65.5,34111.30841551055,67.86095601502753
RO12,Centru,2055,2756325.56473123,15440.970040740824,65.5,34111.30841551055,80.80386513341475
RO12,Centru,2085,3201196.739365401,20812.094721100417,65.5,34111.30841551055,93.84561566421192
RO21,Nord-Est,2020,3184215.0,7500.0,79.1,36850.85431065863,86.40817314997788
RO21,Nord-Est,2055,3791530.4252244676,10624.520670234511,79.1,36850.85431065863,102.88853531756024
RO21,Nord-Est,2085,4403483.750155908,14320.248661307627,79.1,36850.85431065863,119.49475344679479
RO22,Sud-Est,2020,2377101.0,9000.0,65.5,35742.934769848755,66.50547906338187
RO22,Sud-Est,2055,2830478.0818291185,12749.424804281414,65.5,35742.934769848755,79.18986227781137
RO22,Sud-Est,2085,3287317.4788697874,17184.29839356915,65.5,35742.934769848755,91.97111261392087
RO31,Sud-Muntenia,2020,2901376.0,8600.0,69.4,34463.9053761948,84.18593216089964
RO31,Sud-Muntenia,2055,3454746.422278667,12182.783701868906,69.4,34463.9053761948,100.2424532149789
RO31,Sud-Muntenia,2085,4012342.78121683,16420.55179829941,69.4,34463.9053761948,116.42159347350893
RO32,Bucureşti-Ilfov,2020,2322002.0,26300.0,76.1,1803.890063468604,1287.2192419171854
RO32,Bucureşti-Ilfov,2055,2764870.2208965365,37256.652483622354,76.1,1803.890063468604,1532.7265651544833
RO32,Bucureşti-Ilfov,2085,3211120.5037441,50216.33863898541,76.1,1803.890063468604,1780.10875982631
RO41,Sud-Vest Oltenia,2020,1910409.0,8800.0,69.4,29209.90028906049,65.40279087208916
RO41,Sud-Vest Oltenia,2055,2274775.367907836,12466.10425307516,69.4,29209.90028906049,77.876861796744
RO41,Sud-Vest Oltenia,2085,2641924.300856443,16802.425095934283,69.4,29209.90028906049,90.44619374636757
RO42,Vest,2020,1771480.0,11500.0,65.0,32033.90739138787,55.300153626474305
RO42,Vest,2055,2109348.871755406,16290.931694359584,65.0,32033.90739138787,65.84737996472113
RO42,Vest,2085,2449797.9545119246,21957.714614005028,65.0,32033.90739138787,76.4751525494682
RS11,Београдски регион,2020,1696192.0,12700.0,69.4,3234.1203425902554,524.4678058706667
RS11,Београдски регион,2055,2019701.4256331122,17990.855001597105,69.4,3234.1203425902554,624.4979195843724
RS11,Београдски регион,2085,2345681.403154137,24248.954399814247,69.4,3234.1203425902554,725.2919355732588
RS12,Регион Војводине,2020,1847274.0,6600.0,65.7,21501.38125940949,85.91420140469307
RS12,Регион Војводине,2055,2199598.825684228,9349.57818980637,65.7,21501.38125940949,102.30034987736586
RS12,Регион Војводине,2085,2554614.258486159,12601.818821950712,65.7,21501.38125940949,118.81163482779519
RS21,Регион Шумадије и Западне Србије,2020,1900429.0,4500.0,65.9,26493.21612083203,71.73266512198431
RS21,Регион Шумадије и Западне Србије,2055,2262891.913541928,6374.712402140707,65.9,26493.21612083203,85.41401327876463
RS21,Регион Шумадије и Западне Србије,2085,2628122.8559707943,8592.149196784576,65.9,26493.21612083203,99.19984210238108
RS22,Регион Јужне и Источне Србије,2020,1482810.0,4600.0,61.9,26252.076396032327,56.48353210735392
RS22,Регион Јужне и Источне Србије,2055,1765621.7403118487,6516.372677743833,61.9,26252.076396032327,67.25646054339154
RS22,Регион Јужне и Источне Србије,2085,2050593.235559999,8783.08584560201,61.9,26252.076396032327,78.11165885034224
SE11,Stockholm,2020,2377081.0,64200.0,83.8,7057.706717030064,336.80642952535345
SE11,Stockholm,2055,2830454.267291311,90945.89693720742,83.8,7057.706717030064,401.0444724858711
SE11,Stockholm,2085,3287289.8206636035,122581.32854079329,83.8,7057.706717030064,465.7730835898094
SE12,Östra Mellansverige,2020,1727398.0,39600.0,78.4,43296.778340850855,39.896686686505404
SE12,Östra Mellansverige,2055,2056859.248974047,56097.46913883822,78.4,43296.778340850855,47.506057674350885
SE12,Östra Mellansverige,2085,2388836.5022625094,75610.91293170427,78.4,43296.778340850855,55.17353932102203
SE21,Småland med öarna,2020,870200.0,39100.0,82.2,35985.82247170247,24.181745482801833
SE21,Småland med öarna,2055,1036170.540001329,55389.16776082259,82.2,35985.82247170247,28.793854602493077
SE21,Småland med öarna,2085,1203408.5510512548,74656.22968761709,82.2,35985.82247170247,33.441185122211884
SE22,Sydsverige,2020,1537433.0,40300.0,77.2,14398.73525955128,106.77555856721213
SE22,Sydsverige,2055,1830662.8152446141,57089.09106806011,77.2,14398.73525955128,127.14052882042256
SE22,Sydsverige,2085,2126131.9453785154,76947.46947342632,77.2,14398.73525955128,147.66102071139642
SE23,Västsverige,2020,2059729.0,44000.0,81.6,34579.505985291624,59.56502099469277
SE23,Västsverige,2055,2452574.707178117,62330.5212653758,81.6,34579.505985291624,70.92567222392704
SE23,Västsverige,2085,2848420.4682236845,84012.1254796714,81.6,34579.505985291624,82.37308160027673
SE31,Norra Mellansverige,2020,857762.0,37100.0,79.0,72011.24239065517,11.911501197920048
SE31,Norra Mellansverige,2055,1021360.2789388875,52555.96224876005,79.0,72011.24239065517,14.183344781056416
SE31,Norra Mellansverige,2085,1186207.9126256336,70837.4967112684,79.0,72011.24239065517,16.472537804452138
SE32,Mellersta Norrland,2020,376157.0,38800.0,80.5,77160.6450839479,4.874985163625255
SE32,Mellersta Norrland,2055,447900.2549014938,54964.1869340132,80.5,77160.6450839479,5.804775924490977
SE32,Mellersta Norrland,2085,520191.39317143976,74083.41974116479,80.5,77160.6450839479,6.741667239892707
SE33,Övre Norrland,2020,521829.0,44800.0,81.6,165148.7108042955,3.1597521861274336
SE33,Övre Norrland,2055,621355.8224756992,63463.803470200815,81.6,165148.7108042955,3.7624018949322484
SE33,Övre Norrland,2085,721642.7037307806,85539.61867021088,81.6,165148.7108042955,4.369653872659906
SI03,Vzhodna Slovenija,2020,1100012.0,18200.0,74.2,12431.171077261171,88.48820381951931
SI03,Vzhodna Slovenija,2055,1309813.8681313973,25782.17015976908,74.2,12431.171077261171,105.36528376858078
SI03,Vzhodna Slovenija,2085,1521217.9350252734,34750.47008477317,74.2,12431.171077261171,122.37124930312095
SI04,Zahodna Slovenija,2020,995849.0,26700.0,77.1,7842.366083690615,126.98323304123974
SI04,Zahodna Slovenija,2055,1185784.1830496248,37823.29358603486,77.1,7842.366083690615,151.20235020852218
SI04,Zahodna Slovenija,2085,1377169.8484898198,50980.08523425515,77.1,7842.366083690615,175.6064220661482
SK01,Bratislavský kraj,2020,669592.0,39600.0,79.8,2051.864808557811,326.3333905856275
SK01,Bratislavský kraj,2055,797301.1999776716,56097.46913883822,79.8,2051.864808557811,388.573943396431
SK01,Bratislavský kraj,2085,925985.6797466236,75610.91293170427,79.8,2051.864808557811,451.28981007158495
SK02,Západné Slovensko,2020,1823792.0,16000.0,74.1,14989.425543195772,121.67190762209586
SK02,Západné Slovensko,2055,2171638.176844523,22665.64409650029,74.1,14989.425543195772,144.87801220843355
SK02,Západné Slovensko,2085,2522140.7586059184,30549.863810789604,74.1,14989.425543195772,168.26133538858713
SK03,Stredné Slovensko,2020,1336785.0,13800.0,72.4,16259.66411881606,82.21479793380489
SK03,Stredné Slovensko,2055,1591745.8461453419,19549.1180332315,72.4,16259.66411881606,97.8953706862454
SK03,Stredné Slovensko,2085,1848653.7576615165,26349.25753680603,72.4,16259.66411881606,113.69569163007566
SK04,Východné Slovensko,2020,1627704.0,12300.0,67.6,15721.091960549606,103.5363194925994
SK04,Východné Slovensko,2055,1938150.922365345,17424.213899184597,67.6,15721.091960549606,123.28347974993893
SK04,Východné Slovensko,2085,2250968.6418987955,23485.20780454451,67.6,15721.091960549606,143.1814436012053
